{"W": [[0.2, 0.0, 0.0, 0.0, 0.0, 0.0], [0.0, -0.2, 0.0, 0.0, 0.0, 0.0], [0.0, 0.0, 0.2, 0.0, 0.0, 0.0], [0.0, 0.0, 0.0, -0.2, 0.0, 0.0], [0.0, 0.0, 0.0, 0.0, 0.2, 0.0], [0.0, 0.0, 0.0, 0.0, 0.0, -0.2]], "K": [[2, 0, 0, 0, 0, 0], [0, 2, 0, 0, 0, 0], [0, 0, 3, 0, 0, 0], [0, 0, 0, 3, 0, 0], [0, 0, 0, 0, 2, 0], [0, 0, 0, 0, 0, 2]], "A": [[0, 1, 1, 0, 0, 0], [1, 0, 1, 0, 0, 0], [1, 1, 0, 1, 0, 0], [0, 0, 1, 0, 1, 1], [0, 0, 0, 1, 0, 1], [0, 0, 0, 1, 1, 0]], "V_W": [[0.5773502691896258, 0.0, 0.5773502691896258, 0.0, 0.5773502691896258, 0.0], [0.0, 0.0, 0.0, 1.0, 0.0, 0.0], [0.0, 0.7071067811865475, 0.0, 0.0, 0.0, 0.7071067811865475]], "M_W": [[0.3333333333333333, 0.0, 0.3333333333333333, 0.0, 0.3333333333333333, 0.0], [0.0, 0.0, 0.0, 1.0, 0.0, 0.0], [0.0, 0.5, 0.0, 0.0, 0.0, 0.5]], "V_K": [[0.7071067811865475, 0.7071067811865475, 0.0, 0.0, 0.0, 0.0], [0.0, 0.0, 0.7071067811865475, 0.7071067811865475, 0.0, 0.0], [0.0, 0.0, 0.0, 0.0, 1.0, 0.0]], "M_K": [[0.5, 0.5, 0.0, 0.0, 0.0, 0.0], [0.0, 0.0, 0.5, 0.5, 0.0, 0.0], [0.0, 0.0, 0.0, 0.0, 1.0, 0.0]], "V_A": [[0.35355339059327356, 0.35355339059327345, 0.5, 0.5000000000000003, 0.3535533905932738, 0.3535533905932738], [-0.44403691698855763, -0.4440369169885577, -0.32505758367186827, 0.32505758367186793, 0.44403691698855763, 0.44403691698855763], [-0.35355339059327345, -0.35355339059327395, 0.5, 0.5, -0.3535533905932739, -0.3535533905932739]], "M_A": [[6.1911231677279415e-09, 6.961199634999377e-09, 2.169204298316705e-20, 0.23046089725106625, 0.38476026979610145, 0.3847788198005096], [0.4672493973420865, 0.46724939582732256, 0.04476778580094643, 6.091620552190642e-45, 0.010388934636640602, 0.010344486393003867], [6.783213248819384e-97, 7.001396764276199e-97, 0.8266418107525443, 0.17335818924745566, 1.8926726976762136e-160, 2.4672612095997013e-160]], "V_T1_WK": [[0.5773502691896258, 0.0, 0.5773502691896258, 0.0, 0.5773502691896258, 0.0], [0.0, 0.0, 0.0, 1.0, 0.0, 0.0], [0.0, 0.7071067811865475, 0.0, 0.0, 0.0, 0.7071067811865475]], "V_T2_WK": [[0.7071067811865475, 0.7071067811865475, 0.0, 0.0, 0.0, 0.0], [0.0, 0.0, 0.7071067811865475, 0.7071067811865475, 0.0, 0.0], [0.0, 0.0, 0.0, 0.0, 1.0, 0.0]], "M_WK": [[0.0001682689588449502, 0.0, 0.00016863751397383774, 0.9994939337320903, 0.00016915979509084705, 0.0], [0.3333336105951047, 4.411176546666994e-11, 0.3333333726321093, 9.399937676530206e-12, 0.33333301522979947, 1.4894747954049055e-09], [8.390240286460658e-05, 0.4998731121659663, 8.448454898322394e-05, 0.0, 8.539016167549685e-05, 0.4998731107205103]], "V_T1_WA": [[0.5773502691896258, 0.0, 0.5773502691896258, 0.0, 0.5773502691896258, 0.0], [0.0, 0.0, 0.0, 1.0, 0.0, 0.0], [0.0, 0.7071067811865475, 0.0, 0.0, 0.0, 0.7071067811865475]], "V_T2_WA": [[0.35355339059327356, 0.35355339059327345, 0.5, 0.5000000000000003, 0.3535533905932738, 0.3535533905932738], [-0.44403691698855763, -0.4440369169885577, -0.32505758367186827, 0.32505758367186793, 0.44403691698855763, 0.44403691698855763], [-0.35355339059327345, -0.35355339059327395, 0.5, 0.5, -0.3535533905932739, -0.3535533905932739]], "M_WA": [[0.3331621801071579, 0.00011718802145240221, 0.3331621801140181, 0.0002790836272177325, 0.3331621801075194, 0.00011718802263442139], [0.00018254491032518495, 0.49968268445613945, 0.00018254490084488163, 8.699636863395483e-05, 0.00018254490982576486, 0.49968268445423075], [0.00020871443519420083, 0.0004898690572686462, 0.0002087144292521504, 0.9983941185847665, 0.00020871443488118129, 0.0004898690586373141]], "V_T1_KW": [[0.7071067811865475, 0.7071067811865475, 0.0, 0.0, 0.0, 0.0], [0.0, 0.0, 0.7071067811865475, 0.7071067811865475, 0.0, 0.0], [0.0, 0.0, 0.0, 0.0, 1.0, 0.0]], "V_T2_KW": [[0.5773502691896258, 0.0, 0.5773502691896258, 0.0, 0.5773502691896258, 0.0], [0.0, 0.0, 0.0, 1.0, 0.0, 0.0], [0.0, 0.7071067811865475, 0.0, 0.0, 0.0, 0.7071067811865475]], "M_KW": [[0.49999871760152853, 0.4999987786480972, 5.303234084370456e-07, 3.3609229436762897e-07, 1.6373346715838813e-06, 0.0], [2.2566138641354718e-07, 8.560169541193206e-08, 0.4999997395307608, 0.49999968298520425, 2.6622095311389483e-07, 0.0], [0.00033713228250153884, 0.00033711983674425915, 0.00016869908798455532, 0.00016911873682275285, 0.9989879300559468, 0.0]], "V_T1_KA": [[0.7071067811865475, 0.7071067811865475, 0.0, 0.0, 0.0, 0.0], [0.0, 0.0, 0.7071067811865475, 0.7071067811865475, 0.0, 0.0], [0.0, 0.0, 0.0, 0.0, 1.0, 0.0]], "V_T2_KA": [[0.35355339059327356, 0.35355339059327345, 0.5, 0.5000000000000003, 0.3535533905932738, 0.3535533905932738], [-0.44403691698855763, -0.4440369169885577, -0.32505758367186827, 0.32505758367186793, 0.44403691698855763, 0.44403691698855763], [-0.35355339059327345, -0.35355339059327395, 0.5, 0.5, -0.3535533905932739, -0.3535533905932739]], "M_KA": [[0.00040911212874852204, 0.00040911212875633485, 0.4994957406093884, 0.4994957406191706, 0.00019029451393621474, 0.0], [0.49999943535380226, 0.4999994353538159, 5.571518628850623e-07, 5.571518724326358e-07, 1.4988646735000018e-08, 0.0], [3.675779020905213e-09, 3.675779021030406e-09, 0.0006464451847889044, 0.0006464451835800092, 0.998707102280073, 0.0]], "V_T1_AW": [[0.35355339059327356, 0.35355339059327345, 0.5, 0.5000000000000003, 0.3535533905932738, 0.3535533905932738], [-0.44403691698855763, -0.4440369169885577, -0.32505758367186827, 0.32505758367186793, 0.44403691698855763, 0.44403691698855763], [-0.35355339059327345, -0.35355339059327395, 0.5, 0.5, -0.3535533905932739, -0.3535533905932739]], "V_T2_AW": [[0.5773502691896258, 0.0, 0.5773502691896258, 0.0, 0.5773502691896258, 0.0], [0.0, 0.0, 0.0, 1.0, 0.0, 0.0], [0.0, 0.7071067811865475, 0.0, 0.0, 0.0, 0.7071067811865475]], "M_AW": [[4.138464225695411e-11, 2.1133451135796775e-11, 0.6063443084759242, 0.3936556914615576, 1.0914161070435248e-75, 1.0845254906102352e-75], [7.85939252156457e-33, 7.882427061910464e-33, 5.307815903097095e-85, 0.2131986682196766, 0.39340066586581707, 0.3934006659145062], [0.4987080747784554, 0.49870807483235824, 0.002583817364528895, 3.191823452948265e-08, 6.043523932585239e-10, 5.020705538017486e-10]], "V_T1_AK": [[0.35355339059327356, 0.35355339059327345, 0.5, 0.5000000000000003, 0.3535533905932738, 0.3535533905932738], [-0.44403691698855763, -0.4440369169885577, -0.32505758367186827, 0.32505758367186793, 0.44403691698855763, 0.44403691698855763], [-0.35355339059327345, -0.35355339059327395, 0.5, 0.5, -0.3535533905932739, -0.3535533905932739]], "V_T2_AK": [[0.7071067811865475, 0.7071067811865475, 0.0, 0.0, 0.0, 0.0], [0.0, 0.0, 0.7071067811865475, 0.7071067811865475, 0.0, 0.0], [0.0, 0.0, 0.0, 0.0, 1.0, 0.0]], "M_AK": [[1.659370985182377e-08, 3.199909523919309e-08, 3.7828222796926366e-13, 0.006042694688746813, 0.4971083389968599, 0.4968489177212098], [0.36851270629037836, 0.36851269740461146, 0.2629745963050103, 2.055243530362015e-79, 6.054156850867667e-55, 4.659191635413899e-57], [2.195443327597009e-82, 1.824882518294368e-82, 0.29232539527677154, 0.6785736773248794, 0.01441030528427867, 0.014690622114070497]], "V_T1_WKA": [[0.5773502691896258, 0.0, 0.5773502691896258, 0.0, 0.5773502691896258, 0.0], [0.0, 0.0, 0.0, 1.0, 0.0, 0.0], [0.0, 0.7071067811865475, 0.0, 0.0, 0.0, 0.7071067811865475]], "V_T2_WKA": [[0.7071067811865475, 0.7071067811865475, 0.0, 0.0, 0.0, 0.0], [0.0, 0.0, 0.7071067811865475, 0.7071067811865475, 0.0, 0.0], [0.0, 0.0, 0.0, 0.0, 1.0, 0.0]], "V_T3_WKA": [[0.35355339059327356, 0.35355339059327345, 0.5, 0.5000000000000003, 0.3535533905932738, 0.3535533905932738], [-0.44403691698855763, -0.4440369169885577, -0.32505758367186827, 0.32505758367186793, 0.44403691698855763, 0.44403691698855763], [-0.35355339059327345, -0.35355339059327395, 0.5, 0.5, -0.3535533905932739, -0.3535533905932739]],