{"W": [[0.2, 0.0, 0.0, 0.0, 0.0, 0.0], [0.0, 0.2, 0.0, 0.0, 0.0, 0.0], [0.0, 0.0, 0.2, 0.0, 0.0, 0.0], [0.0, 0.0, 0.0, -0.2, 0.0, 0.0], [0.0, 0.0, 0.0, 0.0, -0.2, 0.0], [0.0, 0.0, 0.0, 0.0, 0.0, -0.2]], "K": [[2, 0, 0, 0, 0, 0], [0, 2, 0, 0, 0, 0], [0, 0, 3, 0, 0, 0], [0, 0, 0, 3, 0, 0], [0, 0, 0, 0, 2, 0], [0, 0, 0, 0, 0, 2]], "A": [[0, 1, 1, 0, 0, 0], [1, 0, 1, 0, 0, 0], [1, 1, 0, 1, 0, 0], [0, 0, 1, 0, 1, 1], [0, 0, 0, 1, 0, 1], [0, 0, 0, 1, 1, 0]], "V_W": [[0.5773502691896258, 0.5773502691896258, 0.5773502691896258, 0.0, 0.0, 0.0], [0.0, 0.0, 0.0, 0.5773502691896258, 0.5773502691896258, 0.5773502691896258]], "M_W": [[0.3333333333333333, 0.3333333333333333, 0.3333333333333333, 0.0, 0.0, 0.0], [0.0, 0.0, 0.0, 0.3333333333333333, 0.3333333333333333, 0.3333333333333333]], "V_K": [[0.5, 0.5, 0.0, 0.0, 0.5, 0.0], [0.0, 0.0, 0.7071067811865475, 0.7071067811865475, 0.0, 0.0]], "M_K": [[0.0, 0.0, 0.5, 0.5, 0.0, 0.0], [0.3333333333333333, 0.3333333333333333, 0.0, 0.0, 0.3333333333333333, 0.0]], "V_A": [[0.3535533905932738, 0.35355339059327373, 0.5000000000000003, 0.5000000000000002, 0.35355339059327356, 0.35355339059327356], [-0.44403691698855796, -0.44403691698855763, -0.32505758367186827, 0.32505758367186793, 0.4440369169885577, 0.4440369169885577]], "M_A": [[0.2924717486118508, 0.29247174861185066, 0.3407594216822444, 0.0742970810940541, 5.556962152001628e-183, 5.5569621520026445e-183], [3.171677873463859e-274, 3.17167787346327e-274, 0.024662870911531323, 0.33970439027050464, 0.3178163694089819, 0.3178163694089821]], "V_T1_WK": [[0.5773502691896258, 0.5773502691896258, 0.5773502691896258, 0.0, 0.0, 0.0], [0.0, 0.0, 0.0, 0.5773502691896258, 0.5773502691896258, 0.5773502691896258]], "V_T2_WK": [[0.5, 0.5, 0.0, 0.0, 0.5, 0.0], [0.0, 0.0, 0.7071067811865475, 0.7071067811865475, 0.0, 0.0]], "M_WK": [[0.3333332232999748, 0.3333332232999748, 0.3333332232999748, 1.1003335854492731e-07, 1.1003335854492731e-07, 1.1003335854492731e-07], [0.0010451065726068945, 0.0010451065726068945, 0.0010451065726068945, 0.33228822676072645, 0.33228822676072645, 0.33228822676072645]], "V_T1_WA": [[0.5773502691896258, 0.5773502691896258, 0.5773502691896258, 0.0, 0.0, 0.0], [0.0, 0.0, 0.0, 0.5773502691896258, 0.5773502691896258, 0.5773502691896258]], "V_T2_WA": [[0.3535533905932738, 0.35355339059327373, 0.5000000000000003, 0.5000000000000002, 0.35355339059327356, 0.35355339059327356], [-0.44403691698855796, -0.44403691698855763, -0.32505758367186827, 0.32505758367186793, 0.4440369169885577, 0.4440369169885577]], "M_WA": [[6.902839520219638e-05, 6.902839580198075e-05, 6.902839570406065e-05, 0.33326430493781983, 0.33326430493785714, 0.3332643049376147], [0.33323918783124834, 0.3332391878334345, 0.3332391878330775, 9.414550076499117e-05, 9.414550077723472e-05, 9.414550069749867e-05]], "V_T1_KW": [[0.5, 0.5, 0.0, 0.0, 0.5, 0.0], [0.0, 0.0, 0.7071067811865475, 0.7071067811865475, 0.0, 0.0]], "V_T2_KW": [[0.5773502691896258, 0.5773502691896258, 0.5773502691896258, 0.0, 0.0, 0.0], [0.0, 0.0, 0.0, 0.5773502691896258, 0.5773502691896258, 0.5773502691896258]], "M_KW": [[0.0006693216773634792, 0.0006693216773634792, 0.4989960174839548, 0.4989960174839548, 0.0006693216773634792, 0.0], [0.3325044534374552, 0.3325044534374552, 0.0012433198438171402, 0.0012433198438171402, 0.3325044534374552, 0.0]], "V_T1_KA": [[0.5, 0.5, 0.0, 0.0, 0.5, 0.0], [0.0, 0.0, 0.7071067811865475, 0.7071067811865475, 0.0, 0.0]], "V_T2_KA": [[0.3535533905932738, 0.35355339059327373, 0.5000000000000003, 0.5000000000000002, 0.35355339059327356, 0.35355339059327356], [-0.44403691698855796, -0.44403691698855763, -0.32505758367186827, 0.32505758367186793, 0.4440369169885577, 0.4440369169885577]], "M_KA": [[0.3331873730949602, 0.33318737310196206, 0.00021894035430960036, 0.00021894035430960036, 0.33318737309445856, 0.0], [1.2793405431931963e-06, 1.279340388617852e-06, 0.49999808098925697, 0.49999808098925697, 1.2793405542660345e-06, 0.0]], "V_T1_AW": [[0.3535533905932738, 0.35355339059327373, 0.5000000000000003, 0.5000000000000002, 0.35355339059327356, 0.35355339059327356], [-0.44403691698855796, -0.44403691698855763, -0.32505758367186827, 0.32505758367186793, 0.4440369169885577, 0.4440369169885577]], "V_T2_AW": [[0.5773502691896258, 0.5773502691896258, 0.5773502691896258, 0.0, 0.0, 0.0], [0.0, 0.0, 0.0, 0.5773502691896258, 0.5773502691896258, 0.5773502691896258]], "M_AW": [[6.870797944172057e-149, 6.870797944175118e-149, 0.03675282547803546, 0.34623895297221235, 0.30850411077271717, 0.3085041107770351], [0.29289621393621845, 0.29289621393621845, 0.34819547293537945, 0.06601209919218382, 2.0062670185834099e-116, 2.006267070491161e-116]], "V_T1_AK": [[0.3535533905932738, 0.35355339059327373, 0.5000000000000003, 0.5000000000000002, 0.35355339059327356, 0.35355339059327356], [-0.44403691698855796, -0.44403691698855763, -0.32505758367186827, 0.32505758367186793, 0.4440369169885577, 0.4440369169885577]], "V_T2_AK": [[0.5, 0.5, 0.0, 0.0, 0.5, 0.0], [0.0, 0.0, 0.7071067811865475, 0.7071067811865475, 0.0, 0.0]], "M_AK": [[2.7703200846553466e-43, 2.770320084655679e-43, 1.5591603135707665e-05, 0.34491451714546295, 0.32753494562570074, 0.32753494562570074], [0.27580870831741183, 0.2758087083174117, 0.3545865790528548, 0.0937960043123216, 5.749168879615359e-23, 5.749168879615359e-23]], "V_T1_WKA": [[0.5773502691896258, 0.5773502691896258, 0.5773502691896258, 0.0, 0.0, 0.0], [0.0, 0.0, 0.0, 0.5773502691896258, 0.5773502691896258, 0.5773502691896258]], "V_T2_WKA": [[0.5, 0.5, 0.0, 0.0, 0.5, 0.0], [0.0, 0.0, 0.7071067811865475, 0.7071067811865475, 0.0, 0.0]], "V_T3_WKA": [[0.3535533905932738, 0.35355339059327373, 0.5000000000000003, 0.5000000000000002, 0.35355339059327356, 0.35355339059327356], [-0.44403691698855796, -0.44403691698855763, -0.32505758367186827, 0.32505758367186793, 0.4440369169885577, 0.4440369169885577]], "M_WKA": [[0.3254827309014569, 0.35002486651310416, 0.2852501228552558, 0.039242279730183155, 3.606009772618685e-22, 5e-324], [0.010172758981173861, 5e-324, 0.06514121204320758, 0.24633047534927943, 0.30431468959124464, 0.37404086403509457]], "V_T1_WAK": [[0.5773502691896258, 0.5773502691896258, 0.5773502691896258, 0.0, 0.0, 0.0], [0.0, 0.0, 0.0, 0.5773502691896258, 0.5773502691896258, 0.5773502691896258]], "V_T2_WAK": [[0.3535533905932738, 0.35355339059327373, 0.5000000000000003, 0.5000000000000002, 0.35355339059327356, 0.35355339059327356], [-0.44403691698855796, -0.44403691698855763, -0.32505758367186827, 0.32505758367186793, 0.4440369169885577, 0.4440369169885577]], "V_T3_WAK": [[0.5, 0.5, 0.0, 0.0, 0.5, 0.0], [0.0, 0.0, 0.7071067811865475, 0.7071067811865475, 0.0, 0.0]], "M_WAK": [[0.3329448153113311, 0.3329448153113311, 0.3329448153113311, 0.00038851802200223323, 0.00038851802200223323, 0.00038851802200223323], [0.0007444763128405272, 0.0007444763128405272, 0.0007444763128405272, 0.3325888570204928, 0.3325888570204928, 0.3325888570204928]], "V_T1_KWA": [[0.5, 0.5, 0.0, 0.0, 0.5, 0.0], [0.0, 0.0, 0.7071067811865475, 0.7071067811865475, 0.0, 0.0]], "V_T2_KWA": [[0.5773502691896258, 0.5773502691896258, 0.5773502691896258, 0.0, 0.0, 0.0], [0.0, 0.0, 0.0, 0.5773502691896258, 0.5773502691896258, 0.5773502691896258]], "V_T3_KWA": [[0.3535533905932738, 0.35355339059327373, 0.5000000000000003, 0.5000000000000002, 0.35355339059327356, 0.35355339059327356], [-0.44403691698855796, -0.44403691698855763, -0.32505758367186827, 0.32505758367186793, 0.4440369169885577, 0.4440369169885577]], "M_KWA": [[0.2732611773746575, 0.017637889457782736, 0.23870650371713867, 0.09800506582846046, 2.8477389647631558e-167, 0.37238936362196057], [9.938583688906468e-43, 0.3740042158590386, 0.0032437287087270046, 0.224820083223954, 0.39793197220828036, 0.0]], "V_T1_KAW": [[0.5, 0.5, 0.0, 0.0, 0.5, 0.0], [0.0, 0.0, 0.7071067811865475, 0.7071067811865475, 0.0, 0.0]],