{"W": [[0.2, 0.0, 0.0, 0.0, 0.0, 0.0], [0.0, -0.2, 0.0, 0.0, 0.0, 0.0], [0.0, 0.0, 0.2, 0.0, 0.0, 0.0], [0.0, 0.0, 0.0, -0.2, 0.0, 0.0], [0.0, 0.0, 0.0, 0.0, 0.2, 0.0], [0.0, 0.0, 0.0, 0.0, 0.0, -0.2]], "K": [[2, 0, 0, 0, 0, 0], [0, 2, 0, 0, 0, 0], [0, 0, 3, 0, 0, 0], [0, 0, 0, 3, 0, 0], [0, 0, 0, 0, 2, 0], [0, 0, 0, 0, 0, 2]], "A": [[0, 1, 1, 0, 0, 0], [1, 0, 1, 0, 0, 0], [1, 1, 0, 1, 0, 0], [0, 0, 1, 0, 1, 1], [0, 0, 0, 1, 0, 1], [0, 0, 0, 1, 1, 0]], "V_W": [[0.5773502691896258, 0.0, 0.5773502691896258, 0.0, 0.5773502691896258, 0.0], [0.0, 0.0, 0.0, 1.0, 0.0, 0.0], [0.0, 0.7071067811865475, 0.0, 0.0, 0.0, 0.7071067811865475]], "M_W": [[0.3333333333333333, 0.0, 0.3333333333333333, 0.0, 0.3333333333333333, 0.0], [0.0, 0.0, 0.0, 1.0, 0.0, 0.0], [0.0, 0.5, 0.0, 0.0, 0.0, 0.5]], "V_K": [[0.7071067811865475, 0.7071067811865475, 0.0, 0.0, 0.0, 0.0], [0.0, 0.0, 0.7071067811865475, 0.7071067811865475, 0.0, 0.0], [0.0, 0.0, 0.0, 0.0, 1.0, 0.0]], "M_K": [[0.5, 0.5, 0.0, 0.0, 0.0, 0.0], [0.0, 0.0, 0.5, 0.5, 0.0, 0.0], [0.0, 0.0, 0.0, 0.0, 1.0, 0.0]], "V_A": [[0.35355339059327356, 0.35355339059327345, 0.5, 0.5000000000000003, 0.3535533905932738, 0.3535533905932738], [-0.44403691698855763, -0.4440369169885577, -0.32505758367186827, 0.32505758367186793, 0.44403691698855763, 0.44403691698855763], [-0.35355339059327345, -0.35355339059327395, 0.5, 0.5, -0.3535533905932739, -0.3535533905932739]], "M_A": [[5.944680449873719e-33, 7.914588451801646e-33, 7.547849223964762e-112, 0.1565320986245194, 0.42173397413026487, 0.42173392724521575], [0.4866107853360832, 0.4866107853323468, 4.989819414771844e-15, 0.024912018291066075, 0.0009331604949016917, 0.0009332505455973315], [3.9764908130440784e-85, 3.551902760877618e-85, 0.5942292040791787, 0.4057707959208212, 3.0327673769755732e-139, 1.9292394788154004e-142]], "V_T1_WK": [[0.5773502691896258, 0.0, 0.5773502691896258, 0.0, 0.5773502691896258, 0.0], [0.0, 0.0, 0.0, 1.0, 0.0, 0.0], [0.0, 0.7071067811865475, 0.0, 0.0, 0.0, 0.7071067811865475]], "V_T2_WK": [[0.7071067811865475, 0.7071067811865475, 0.0, 0.0, 0.0, 0.0], [0.0, 0.0, 0.7071067811865475, 0.7071067811865475, 0.0, 0.0], [0.0, 0.0, 0.0, 0.0, 1.0, 0.0]], "M_WK": [[0.3333330737550782, 1.4868554742729205e-19, 0.33333339712070575, 4.163632431674599e-12, 0.3333335291200524, 1.671281312881006e-18], [0.00016935978337621348, 0.0, 0.00016885532113181128, 0.9994931182793662, 0.00016866661612584068, 0.0], [8.525027578232373e-05, 0.4998730813480716, 8.446284471045667e-05, 0.0, 8.412418336397481e-05, 0.4998730813480716]], "V_T1_WA": [[0.5773502691896258, 0.0, 0.5773502691896258, 0.0, 0.5773502691896258, 0.0], [0.0, 0.0, 0.0, 1.0, 0.0, 0.0], [0.0, 0.7071067811865475, 0.0, 0.0, 0.0, 0.7071067811865475]], "V_T2_WA": [[0.35355339059327356, 0.35355339059327345, 0.5, 0.5000000000000003, 0.3535533905932738, 0.3535533905932738], [-0.44403691698855763, -0.4440369169885577, -0.32505758367186827, 0.32505758367186793, 0.44403691698855763, 0.44403691698855763], [-0.35355339059327345, -0.35355339059327395, 0.5, 0.5, -0.3535533905932739, -0.3535533905932739]], "M_WA": [[0.32592416920423734, 0.011113745680520854, 0.32592416920426404, 1.0133602393019424e-09, 0.32592416920425865, 0.011113745693359035], [3.327417754036206e-05, 3.002477495561249e-09, 3.327417754027419e-05, 0.999900171462424, 3.3274177540291815e-05, 3.0024774996918535e-09], [7.29595676636594e-12, 0.4991926712583758, 7.295956766350443e-12, 0.0016146574626110229, 7.29595676635353e-12, 0.4991926712571252]], "V_T1_KW": [[0.7071067811865475, 0.7071067811865475, 0.0, 0.0, 0.0, 0.0], [0.0, 0.0, 0.7071067811865475, 0.7071067811865475, 0.0, 0.0], [0.0, 0.0, 0.0, 0.0, 1.0, 0.0]], "V_T2_KW": [[0.5773502691896258, 0.0, 0.5773502691896258, 0.0, 0.5773502691896258, 0.0], [0.0, 0.0, 0.0, 1.0, 0.0, 0.0], [0.0, 0.7071067811865475, 0.0, 0.0, 0.0, 0.7071067811865475]], "M_KW": [[0.4999986382001354, 0.499998781885275, 4.6039794839788424e-07, 9.892685908138917e-07, 1.1302480504463614e-06, 0.0], [8.282087089480392e-09, 1.8155661510287546e-08, 0.4999999639320987, 0.5000000092355316, 3.946211465062087e-10, 0.0], [0.00033739929524763515, 0.0003370310114696309, 0.0001693233192467537, 0.00016861450960866856, 0.9989876318644274, 0.0]], "V_T1_KA": [[0.7071067811865475, 0.7071067811865475, 0.0, 0.0, 0.0, 0.0], [0.0, 0.0, 0.7071067811865475, 0.7071067811865475, 0.0, 0.0], [0.0, 0.0, 0.0, 0.0, 1.0, 0.0]], "V_T2_KA": [[0.35355339059327356, 0.35355339059327345, 0.5, 0.5000000000000003, 0.3535533905932738, 0.3535533905932738], [-0.44403691698855763, -0.4440369169885577, -0.32505758367186827, 0.32505758367186793, 0.44403691698855763, 0.44403691698855763], [-0.35355339059327345, -0.35355339059327395, 0.5, 0.5, -0.3535533905932739, -0.3535533905932739]], "M_KA": [[0.4988388523801002, 0.4988388523862958, 0.0011608936294210965, 0.0011608936320269322, 5.079721560148455e-07, 0.0], [5.382561584742869e-10, 5.382561597535493e-10, 0.4999995502428452, 0.4999995502477463, 8.984328961071426e-07, 0.0], [0.000959534598468781, 0.0009595345998406951, 1.6996757697263285e-06, 1.6996757819582443e-06, 0.9980775314501389, 0.0]], "V_T1_AW": [[0.35355339059327356, 0.35355339059327345, 0.5, 0.5000000000000003, 0.3535533905932738, 0.3535533905932738], [-0.44403691698855763, -0.4440369169885577, -0.32505758367186827, 0.32505758367186793, 0.44403691698855763, 0.44403691698855763], [-0.35355339059327345, -0.35355339059327395, 0.5, 0.5, -0.3535533905932739, -0.3535533905932739]], "V_T2_AW": [[0.5773502691896258, 0.0, 0.5773502691896258, 0.0, 0.5773502691896258, 0.0], [0.0, 0.0, 0.0, 1.0, 0.0, 0.0], [0.0, 0.7071067811865475, 0.0, 0.0, 0.0, 0.7071067811865475]], "M_AW": [[1.8513426064569822e-114, 2.0922547366006034e-114, 0.819951045424527, 0.18004895457547299, 3.888769980468024e-236, 4.011959998723669e-237], [6.821402334530728e-40, 4.7689620275320484e-40, 3.6529558591718923e-78, 0.18179465539021195, 0.40910267230489405, 0.40910267230489405], [0.42744715774563524, 0.4274471577095522, 0.08810639441007341, 4.853390176906647e-156, 0.028499645067369662, 0.028499645067369662]], "V_T1_AK": [[0.35355339059327356, 0.35355339059327345, 0.5, 0.5000000000000003, 0.3535533905932738, 0.3535533905932738], [-0.44403691698855763, -0.4440369169885577, -0.32505758367186827, 0.32505758367186793, 0.44403691698855763, 0.44403691698855763], [-0.35355339059327345, -0.35355339059327395, 0.5, 0.5, -0.3535533905932739, -0.3535533905932739]], "V_T2_AK": [[0.7071067811865475, 0.7071067811865475, 0.0, 0.0, 0.0, 0.0], [0.0, 0.0, 0.7071067811865475, 0.7071067811865475, 0.0, 0.0], [0.0, 0.0, 0.0, 0.0, 1.0, 0.0]], "M_AK": [[2.1597368368007042e-21, 2.1597368219384168e-21, 3.501685942062551e-41, 0.21097756840300286, 0.3945112157985386, 0.3945112157984586], [0.4728226452332539, 0.4728226452267789, 0.038788674196585105, 4.754468854735626e-16, 0.00778301767174034, 0.007783017671641325], [5.338396795871005e-34, 5.338396803487137e-34, 0.8119800862865088, 0.18801991371349125, 2.887717604405816e-124, 2.8877176041445626e-124]], "V_T1_WKA": [[0.5773502691896258, 0.0, 0.5773502691896258, 0.0, 0.5773502691896258, 0.0], [0.0, 0.0, 0.0, 1.0, 0.0, 0.0], [0.0, 0.7071067811865475, 0.0, 0.0, 0.0, 0.7071067811865475]], "V_T2_WKA": [[0.7071067811865475, 0.7071067811865475, 0.0, 0.0, 0.0, 0.0], [0.0, 0.0, 0.7071067811865475, 0.7071067811865475, 0.0, 0.0], [0.0, 0.0, 0.0, 0.0, 1.0, 0.0]], "V_T3_WKA": [[0.35355339059327356, 0.35355339059327345, 0.5, 0.5000000000000003, 0.3535533905932738, 0.3535533905932738], [-0.44403691698855763, -0.4440369169885577, -0.32505758367186827, 0.32505758367186793, 0.44403691698855763, 0.44403691698855763], [-0.35355339059327345, -0.35355339059327395, 0.5, 0.5, -0.3535533905932739, -0.3535533905932739]],