{"W": [[0.2, 0.0, 0.0, 0.0, 0.0, 0.0], [0.0, -0.2, 0.0, 0.0, 0.0, 0.0], [0.0, 0.0, 0.2, 0.0, 0.0, 0.0], [0.0, 0.0, 0.0, -0.2, 0.0, 0.0], [0.0, 0.0, 0.0, 0.0, 0.2, 0.0], [0.0, 0.0, 0.0, 0.0, 0.0, -0.2]], "K": [[2, 0, 0, 0, 0, 0], [0, 2, 0, 0, 0, 0], [0, 0, 3, 0, 0, 0], [0, 0, 0, 3, 0, 0], [0, 0, 0, 0, 2, 0], [0, 0, 0, 0, 0, 2]], "A": [[0, 1, 1, 0, 0, 0], [1, 0, 1, 0, 0, 0], [1, 1, 0, 1, 0, 0], [0, 0, 1, 0, 1, 1], [0, 0, 0, 1, 0, 1], [0, 0, 0, 1, 1, 0]], "V_W": [[0.5773502691896258, 0.0, 0.5773502691896258, 0.0, 0.5773502691896258, 0.0], [0.0, 0.5773502691896258, 0.0, 0.5773502691896258, 0.0, 0.5773502691896258]], "M_W": [[0.3333333333333333, 0.0, 0.3333333333333333, 0.0, 0.3333333333333333, 0.0], [0.0, 0.3333333333333333, 0.0, 0.3333333333333333, 0.0, 0.3333333333333333]], "V_K": [[0.5, 0.5, 0.0, 0.0, 0.5, 0.5], [0.0, 0.0, 0.7071067811865475, 0.7071067811865475, 0.0, 0.0]], "M_K": [[0.25, 0.25, 0.0, 0.0, 0.25, 0.25], [0.0, 0.0, 0.5, 0.5, 0.0, 0.0]], "V_A": [[0.3535533905932738, 0.35355339059327373, 0.5000000000000003, 0.5000000000000002, 0.35355339059327356, 0.35355339059327356], [-0.44403691698855785, -0.4440369169885575, -0.3250575836718682, 0.3250575836718679, 0.4440369169885576, 0.4440369169885576]], "M_A": [[2.5124008867852587e-248, 2.0981740633355674e-248, 2.8860389719000087e-248, 0.25815259846618654, 0.3709237718542765, 0.37092362967953685], [0.25310072558851543, 0.2531007255885154, 0.35832262042356494, 0.13547592839940423, 0.0, 0.0]], "V_T1_WK": [[0.5773502691896258, 0.0, 0.5773502691896258, 0.0, 0.5773502691896258, 0.0], [0.0, 0.5773502691896258, 0.0, 0.5773502691896258, 0.0, 0.5773502691896258]], "V_T2_WK": [[0.5, 0.5, 0.0, 0.0, 0.5, 0.5], [0.0, 0.0, 0.7071067811865475, 0.7071067811865475, 0.0, 0.0]], "M_WK": [[0.22892449695004977, 0.22587617059331244, 0.23596429619030165, 0.24269698864975928, 0.05771825318299465, 0.008819794433582228], [0.030566286956873294, 0.03723016156899666, 0.015176747274589788, 0.00045856650872367493, 0.404836233071633, 0.5117320046191837]], "V_T1_WA": [[0.5773502691896258, 0.0, 0.5773502691896258, 0.0, 0.5773502691896258, 0.0], [0.0, 0.5773502691896258, 0.0, 0.5773502691896258, 0.0, 0.5773502691896258]], "V_T2_WA": [[0.3535533905932738, 0.35355339059327373, 0.5000000000000003, 0.5000000000000002, 0.35355339059327356, 0.35355339059327356], [-0.44403691698855785, -0.4440369169885575, -0.3250575836718682, 0.3250575836718679, 0.4440369169885576, 0.4440369169885576]], "M_WA": [[0.32193845012803635, 0.01764070597405279, 0.3224114622094594, 0.0030322248457084642, 0.3246393729592401, 0.010337783883502863], [0.008504706845494217, 0.31159239749532525, 0.0074764821669980564, 0.3426540661457791, 0.0026323596987981638, 0.32713998764760527]], "V_T1_KW": [[0.5, 0.5, 0.0, 0.0, 0.5, 0.5], [0.0, 0.0, 0.7071067811865475, 0.7071067811865475, 0.0, 0.0]], "V_T2_KW": [[0.5773502691896258, 0.0, 0.5773502691896258, 0.0, 0.5773502691896258, 0.0], [0.0, 0.5773502691896258, 0.0, 0.5773502691896258, 0.0, 0.5773502691896258]], "M_KW": [[0.19053797448804505, 0.02929944829805472, 0.1968994310219583, 0.1960400946978961, 0.1985804499599854, 0.18864260153406048], [0.04216356003726293, 0.8831186333500884, 0.00898477037535725, 0.013466721795271332, 0.00021725408955897653, 0.0520490603524611]], "V_T1_KA": [[0.5, 0.5, 0.0, 0.0, 0.5, 0.5], [0.0, 0.0, 0.7071067811865475, 0.7071067811865475, 0.0, 0.0]], "V_T2_KA": [[0.3535533905932738, 0.35355339059327373, 0.5000000000000003, 0.5000000000000002, 0.35355339059327356, 0.35355339059327356], [-0.44403691698855785, -0.4440369169885575, -0.3250575836718682, 0.3250575836718679, 0.4440369169885576, 0.4440369169885576]], "M_KA": [[0.003807057946452624, 0.0006492526210726113, 0.07715404522465973, 0.8713502125456413, 0.025837581415885803, 0.02120185024628796], [0.18895992958713814, 0.18990110397902862, 0.2458388312685815, 0.009130881813093041, 0.18239379293318975, 0.183775460418969]], "V_T1_AW": [[0.3535533905932738, 0.35355339059327373, 0.5000000000000003, 0.5000000000000002, 0.35355339059327356, 0.35355339059327356], [-0.44403691698855785, -0.4440369169885575, -0.3250575836718682, 0.3250575836718679, 0.4440369169885576, 0.4440369169885576]], "V_T2_AW": [[0.5773502691896258, 0.0, 0.5773502691896258, 0.0, 0.5773502691896258, 0.0], [0.0, 0.5773502691896258, 0.0, 0.5773502691896258, 0.0, 0.5773502691896258]], "M_AW": [[1.7354021244306904e-30, 1.424531499458257e-30, 2.4502003689477343e-09, 0.3561273382004614, 0.3219363296764481, 0.32193632967289015], [0.27491547226798674, 0.27491547226798674, 0.37361520658678443, 0.0765538429900187, 2.941926098758245e-09, 2.9452973033630034e-09]], "V_T1_AK": [[0.3535533905932738, 0.35355339059327373, 0.5000000000000003, 0.5000000000000002, 0.35355339059327356, 0.35355339059327356], [-0.44403691698855785, -0.4440369169885575, -0.3250575836718682, 0.3250575836718679, 0.4440369169885576, 0.4440369169885576]], "V_T2_AK": [[0.5, 0.5, 0.0, 0.0, 0.5, 0.5], [0.0, 0.0, 0.7071067811865475, 0.7071067811865475, 0.0, 0.0]], "M_AK": [[0.17676678621768513, 0.17448363077466525, 0.03503604265043211, 0.2583673369215752, 0.1758756408721237, 0.17947056256351857], [0.02419013374806838, 0.03339623236631926, 0.9009273412897598, 0.0004148834597647388, 0.027783394101634336, 0.013288015034453378]], "V_T1_WKA": [[0.5773502691896258, 0.0, 0.5773502691896258, 0.0, 0.5773502691896258, 0.0], [0.0, 0.5773502691896258, 0.0, 0.5773502691896258, 0.0, 0.5773502691896258]], "V_T2_WKA": [[0.5, 0.5, 0.0, 0.0, 0.5, 0.5], [0.0, 0.0, 0.7071067811865475, 0.7071067811865475, 0.0, 0.0]], "V_T3_WKA": [[0.3535533905932738, 0.35355339059327373, 0.5000000000000003, 0.5000000000000002, 0.35355339059327356, 0.35355339059327356], [-0.44403691698855785, -0.4440369169885575, -0.3250575836718682, 0.3250575836718679, 0.4440369169885576, 0.4440369169885576]], "M_WKA": [[0.022327673242708807, 0.019622056395238164, 0.9397826250391728, 0.006898826546747118, 0.004651435900679137, 0.006717382875453974], [0.19542608116975527, 0.19596481854987063, 0.012626559980390131, 0.19849917219620025, 0.19894799821480477, 0.198535369888979]], "V_T1_WAK": [[0.5773502691896258, 0.0, 0.5773502691896258, 0.0, 0.5773502691896258, 0.0], [0.0, 0.5773502691896258, 0.0, 0.5773502691896258, 0.0, 0.5773502691896258]], "V_T2_WAK": [[0.3535533905932738, 0.35355339059327373, 0.5000000000000003, 0.5000000000000002, 0.35355339059327356, 0.35355339059327356], [-0.44403691698855785, -0.4440369169885575, -0.3250575836718682, 0.3250575836718679, 0.4440369169885576, 0.4440369169885576]], "V_T3_WAK": [[0.5, 0.5, 0.0, 0.0, 0.5, 0.5], [0.0, 0.0, 0.7071067811865475, 0.7071067811865475, 0.0, 0.0]], "M_WAK": [[0.1943378805915895, 0.19852600345650837, 0.1847934494433703, 0.19926770641995875, 0.19367999345102088, 0.029394966637552325], [0.03098785042200065, 0.010452446585321821, 0.07778656057012114, 0.00681569323004275, 0.03421363403587181, 0.8397438151566419]], "V_T1_KWA": [[0.5, 0.5, 0.0, 0.0, 0.5, 0.5], [0.0, 0.0, 0.7071067811865475, 0.7071067811865475, 0.0, 0.0]], "V_T2_KWA": [[0.5773502691896258, 0.0, 0.5773502691896258, 0.0, 0.5773502691896258, 0.0], [0.0, 0.5773502691896258, 0.0, 0.5773502691896258, 0.0, 0.5773502691896258]], "V_T3_KWA": [[0.3535533905932738, 0.35355339059327373, 0.5000000000000003, 0.5000000000000002, 0.35355339059327356, 0.35355339059327356], [-0.44403691698855785, -0.4440369169885575, -0.3250575836718682, 0.3250575836718679, 0.4440369169885576, 0.4440369169885576]], "M_KWA": [[0.014345732495859966, 0.019347025206528843, 0.004882100655015945, 0.9001682303760554, 0.047832913288699305, 0.013423997977840576], [0.19598302017112593, 0.19503021982004318, 0.1978054081292143, 0.025481219826288662, 0.1895391040822025, 0.19616102797112522]], "V_T1_KAW": [[0.5, 0.5, 0.0, 0.0, 0.5, 0.5], [0.0, 0.0, 0.7071067811865475, 0.7071067811865475, 0.0, 0.0]],