{"W": [[0.2, 0.0, 0.0, 0.0, 0.0, 0.0], [0.0, -0.2, 0.0, 0.0, 0.0, 0.0], [0.0, 0.0, 0.2, 0.0, 0.0, 0.0], [0.0, 0.0, 0.0, -0.2, 0.0, 0.0], [0.0, 0.0, 0.0, 0.0, 0.2, 0.0], [0.0, 0.0, 0.0, 0.0, 0.0, -0.2]], "K": [[2, 0, 0, 0, 0, 0], [0, 2, 0, 0, 0, 0], [0, 0, 3, 0, 0, 0], [0, 0, 0, 3, 0, 0], [0, 0, 0, 0, 2, 0], [0, 0, 0, 0, 0, 2]], "A": [[0, 1, 1, 0, 0, 0], [1, 0, 1, 0, 0, 0], [1, 1, 0, 1, 0, 0], [0, 0, 1, 0, 1, 1], [0, 0, 0, 1, 0, 1], [0, 0, 0, 1, 1, 0]], "V_W": [[0.5773502691896258, 0.0, 0.5773502691896258, 0.0, 0.5773502691896258, 0.0], [0.0, 0.0, 0.0, 1.0, 0.0, 0.0], [0.0, 0.7071067811865475, 0.0, 0.0, 0.0, 0.7071067811865475]], "M_W": [[0.3333333333333333, 0.0, 0.3333333333333333, 0.0, 0.3333333333333333, 0.0], [0.0, 0.0, 0.0, 1.0, 0.0, 0.0], [0.0, 0.5, 0.0, 0.0, 0.0, 0.5]], "V_K": [[0.7071067811865475, 0.7071067811865475, 0.0, 0.0, 0.0, 0.0], [0.0, 0.0, 0.7071067811865475, 0.7071067811865475, 0.0, 0.0], [0.0, 0.0, 0.0, 0.0, 0.7071067811865475, 0.7071067811865475]], "M_K": [[0.5, 0.5, 0.0, 0.0, 0.0, 0.0], [0.0, 0.0, 0.5, 0.5, 0.0, 0.0], [0.0, 0.0, 0.0, 0.0, 0.5, 0.5]], "V_A": [[0.35355339059327356, 0.35355339059327345, 0.5, 0.5000000000000003, 0.3535533905932738, 0.3535533905932738], [-0.44403691698855763, -0.4440369169885577, -0.32505758367186827, 0.32505758367186793, 0.44403691698855763, 0.44403691698855763], [0.22985042169049122, 0.22985042169049177, -0.6279630301995541, 0.6279630301995545, -0.22985042169049147, -0.22985042169049147]], "M_A": [[0.0, 0.0, 0.020959240492719782, 1.4639462265251739e-297, 0.4895203797536402, 0.48952037975363993], [0.4995698818550633, 0.4995698821962494, 0.0, 0.0008602359486873174, 0.0, 0.0], [2.3295663988200177e-09, 1.8736627873766547e-09, 2.0602197570906947e-17, 0.9999999957967696, 4.885761746029752e-16, 5.716282733671455e-16]], "V_T1_WK": [[0.5773502691896258, 0.0, 0.5773502691896258, 0.0, 0.5773502691896258, 0.0], [0.0, 0.0, 0.0, 1.0, 0.0, 0.0], [0.0, 0.7071067811865475, 0.0, 0.0, 0.0, 0.7071067811865475]], "V_T2_WK": [[0.7071067811865475, 0.7071067811865475, 0.0, 0.0, 0.0, 0.0], [0.0, 0.0, 0.7071067811865475, 0.7071067811865475, 0.0, 0.0], [0.0, 0.0, 0.0, 0.0, 0.7071067811865475, 0.7071067811865475]], "M_WK": [[0.0003905116584098336, 0.0, 0.00016671839859248971, 0.9992322986554014, 0.00021047128759643047, 0.0], [0.3331619570268432, 3.2627352471325447e-05, 0.33338574337550353, 3.83821374872573e-08, 0.3333420913516773, 7.754251136697949e-05], [0.0006473325049981621, 0.49925252123273894, 0.0004245207368788277, 0.0, 0.0004679329791715691, 0.49920769254621244]], "V_T1_WA": [[0.5773502691896258, 0.0, 0.5773502691896258, 0.0, 0.5773502691896258, 0.0], [0.0, 0.0, 0.0, 1.0, 0.0, 0.0], [0.0, 0.7071067811865475, 0.0, 0.0, 0.0, 0.7071067811865475]], "V_T2_WA": [[0.35355339059327356, 0.35355339059327345, 0.5, 0.5000000000000003, 0.3535533905932738, 0.3535533905932738], [-0.44403691698855763, -0.4440369169885577, -0.32505758367186827, 0.32505758367186793, 0.44403691698855763, 0.44403691698855763], [0.22985042169049122, 0.22985042169049177, -0.6279630301995541, 0.6279630301995545, -0.22985042169049147, -0.22985042169049147]], "M_WA": [[0.44336886256335134, 0.02947099876475895, 0.07226102750725955, 0.000585743991289208, 0.22433932183807434, 0.22997404533526666], [0.14815908245806383, 0.2309594772245049, 0.23677534775041179, 0.0005636200315475177, 0.2004608073325685, 0.1830816652029035], [7.74717509431863e-14, 9.229990579809456e-13, 1.208723812518845e-13, 0.9999999999987392, 1.2252468065157672e-13, 1.6800889653047263e-14]], "V_T1_KW": [[0.7071067811865475, 0.7071067811865475, 0.0, 0.0, 0.0, 0.0], [0.0, 0.0, 0.7071067811865475, 0.7071067811865475, 0.0, 0.0], [0.0, 0.0, 0.0, 0.0, 0.7071067811865475, 0.7071067811865475]], "V_T2_KW": [[0.5773502691896258, 0.0, 0.5773502691896258, 0.0, 0.5773502691896258, 0.0], [0.0, 0.0, 0.0, 1.0, 0.0, 0.0], [0.0, 0.7071067811865475, 0.0, 0.0, 0.0, 0.7071067811865475]], "M_KW": [[7.303955143910752e-12, 1.081521200022417e-05, 0.4999945760351041, 0.4999945760027796, 1.39183293764657e-11, 3.2728893804380614e-08], [0.239370939911287, 0.26582778806698587, 1.3189325129795535e-13, 3.8346849784766955e-15, 0.24058302073272556, 0.2542182512888657], [0.3112328670742515, 0.15870074820161534, 8.964982339896248e-05, 8.965026107977112e-05, 0.30424550724285354, 0.22564157739680094]], "V_T1_KA": [[0.7071067811865475, 0.7071067811865475, 0.0, 0.0, 0.0, 0.0], [0.0, 0.0, 0.7071067811865475, 0.7071067811865475, 0.0, 0.0], [0.0, 0.0, 0.0, 0.0, 0.7071067811865475, 0.7071067811865475]], "V_T2_KA": [[0.35355339059327356, 0.35355339059327345, 0.5, 0.5000000000000003, 0.3535533905932738, 0.3535533905932738], [-0.44403691698855763, -0.4440369169885577, -0.32505758367186827, 0.32505758367186793, 0.44403691698855763, 0.44403691698855763], [0.22985042169049122, 0.22985042169049177, -0.6279630301995541, 0.6279630301995545, -0.22985042169049147, -0.22985042169049147]], "M_KA": [[0.11757794428903784, 0.10814715811104368, 0.38742262134184313, 0.38685227625807533, 0.0, 0.0], [0.0, 0.0, 1.3125973503736795e-11, 2.4565982004160427e-09, 0.4999999987651379, 0.4999999987651379], [0.48031593518732973, 0.5101412099773907, 0.0038696762874962693, 0.00567317854778327, 0.0, 0.0]], "V_T1_AW": [[0.35355339059327356, 0.35355339059327345, 0.5, 0.5000000000000003, 0.3535533905932738, 0.3535533905932738], [-0.44403691698855763, -0.4440369169885577, -0.32505758367186827, 0.32505758367186793, 0.44403691698855763, 0.44403691698855763], [0.22985042169049122, 0.22985042169049177, -0.6279630301995541, 0.6279630301995545, -0.22985042169049147, -0.22985042169049147]], "V_T2_AW": [[0.5773502691896258, 0.0, 0.5773502691896258, 0.0, 0.5773502691896258, 0.0], [0.0, 0.0, 0.0, 1.0, 0.0, 0.0], [0.0, 0.7071067811865475, 0.0, 0.0, 0.0, 0.7071067811865475]], "M_AW": [[0.005314116886702233, 0.005299144972707759, 0.9782840584239537, 0.0, 0.005788576819569085, 0.005314102897067192], [1.7967851433291911e-12, 8.86295254205359e-21, 0.0, 0.999781684230332, 0.00021831576623760392, 1.6337347569609166e-12], [0.2500698216616955, 0.25007917716574624, 1.2519173192283348e-05, 1.7820513137762963e-79, 0.24976867429539462, 0.25006980770397147]], "V_T1_AK": [[0.35355339059327356, 0.35355339059327345, 0.5, 0.5000000000000003, 0.3535533905932738, 0.3535533905932738], [-0.44403691698855763, -0.4440369169885577, -0.32505758367186827, 0.32505758367186793, 0.44403691698855763, 0.44403691698855763], [0.22985042169049122, 0.22985042169049177, -0.6279630301995541, 0.6279630301995545, -0.22985042169049147, -0.22985042169049147]], "V_T2_AK": [[0.7071067811865475, 0.7071067811865475, 0.0, 0.0, 0.0, 0.0], [0.0, 0.0, 0.7071067811865475, 0.7071067811865475, 0.0, 0.0], [0.0, 0.0, 0.0, 0.0, 0.7071067811865475, 0.7071067811865475]], "M_AK": [[4.502351925873921e-05, 4.884593369727666e-05, 0.5001120038008228, 0.4997941218335549, 1.874559379370527e-09, 3.0381067633164893e-09], [0.4990019719479711, 0.49899973276365106, 0.00090577468787098, 0.0010925206005069237, 0.0, 0.0], [0.0, 0.0, 0.00015694583183826873, 0.00030875403474447965, 0.49976715034739394, 0.49976714978602327]], "V_T1_WKA": [[0.5773502691896258, 0.0, 0.5773502691896258, 0.0, 0.5773502691896258, 0.0], [0.0, 0.0, 0.0, 1.0, 0.0, 0.0], [0.0, 0.7071067811865475, 0.0, 0.0, 0.0, 0.7071067811865475]], "V_T2_WKA": [[0.7071067811865475, 0.7071067811865475, 0.0, 0.0, 0.0, 0.0], [0.0, 0.0, 0.7071067811865475, 0.7071067811865475, 0.0, 0.0], [0.0, 0.0, 0.0, 0.0, 0.7071067811865475, 0.7071067811865475]], "V_T3_WKA": [[0.35355339059327356, 0.35355339059327345, 0.5, 0.5000000000000003, 0.3535533905932738, 0.3535533905932738], [-0.44403691698855763, -0.4440369169885577, -0.32505758367186827, 0.32505758367186793, 0.44403691698855763, 0.44403691698855763], [0.22985042169049122, 0.22985042169049177, -0.6279630301995541, 0.6279630301995545, -0.22985042169049147, -0.22985042169049147]],