{"W": [[0.2, 0.0, 0.0, 0.0, 0.0, 0.0], [0.0, 0.2, 0.0, 0.0, 0.0, 0.0], [0.0, 0.0, 0.2, 0.0, 0.0, 0.0], [0.0, 0.0, 0.0, -0.2, 0.0, 0.0], [0.0, 0.0, 0.0, 0.0, -0.2, 0.0], [0.0, 0.0, 0.0, 0.0, 0.0, -0.2]], "K": [[2, 0, 0, 0, 0, 0], [0, 2, 0, 0, 0, 0], [0, 0, 3, 0, 0, 0], [0, 0, 0, 3, 0, 0], [0, 0, 0, 0, 2, 0], [0, 0, 0, 0, 0, 2]], "A": [[0, 1, 1, 0, 0, 0], [1, 0, 1, 0, 0, 0], [1, 1, 0, 1, 0, 0], [0, 0, 1, 0, 1, 1], [0, 0, 0, 1, 0, 1], [0, 0, 0, 1, 1, 0]], "C_W": [[0.5773502691896258, 0.0], [0.0, 0.5773502691896258]], "V_W": [[0.5773502691896258, 0.5773502691896258, 0.5773502691896258, 0.0, 0.0, 0.0], [0.0, 0.0, 0.0, 0.5773502691896258, 0.5773502691896258, 0.5773502691896258]], "M_W": [[0.33333333333333337, 0.33333333333333337, 0.33333333333333337, 0.0, 0.0, 0.0], [0.0, 0.0, 0.0, 0.33333333333333337, 0.33333333333333337, 0.33333333333333337]], "C_K": [[0.5, 0.0], [0.0, 0.7071067811865475]], "V_K": [[0.5, 0.5, 0.0, 0.0, 0.5, 0.5], [0.0, 0.0, 0.7071067811865475, 0.7071067811865475, 0.0, 0.0]], "M_K": [[0.25, 0.25, 0.0, 0.0, 0.25, 0.25], [0.0, 0.0, 0.5, 0.5, 0.0, 0.0]], "C_A": [[1, 1], [-1, 1]], "V_A": [[0.3535533905932738, 0.35355339059327373, 0.5000000000000003, 0.5000000000000002, 0.35355339059327356, 0.35355339059327356], [-0.44403691698855796, -0.44403691698855763, -0.32505758367186827, 0.32505758367186793, 0.4440369169885577, 0.4440369169885577]], "M_A": [[-0.03747950380427064, -0.03747950380427053, 0.07246352147743271, 0.3417500408956625, 0.330372722617723, 0.330372722617723], [0.3303727226177231, 0.33037272261772294, 0.3417500408956626, 0.07246352147743278, -0.037479503804270606, -0.037479503804270606]], "C_T1_WK": [[0.5773502691896257, 0.5773502691896258], [0.408248290463863, 0.408248290463863]], "V_T1_WK": [[0.5773502691896258, 0.5773502691896258, 0.5773502691896258, 0.0, 0.0, 0.0], [0.0, 0.0, 0.0, 0.5773502691896258, 0.5773502691896258, 0.5773502691896258]], "V_T2_WK": [[0.5, 0.5, 0.0, 0.0, 0.5, 0.5], [0.0, 0.0, 0.7071067811865475, 0.7071067811865475, 0.0, 0.0]], "M_WK": [[0.16666666666666666, 0.16666666666666666, 0.16666666666666666, 0.16666666666666669, 0.16666666666666669, 0.16666666666666669], [0.16666666666666669, 0.16666666666666669, 0.16666666666666669, 0.16666666666666669, 0.16666666666666669, 0.16666666666666669]], "C_T1_WA": [[0.6969234250586761, 0.6969234250586759], [-0.7004017505420332, 0.7004017505420329]], "V_T1_WA": [[0.5773502691896258, 0.5773502691896258, 0.5773502691896258, 0.0, 0.0, 0.0], [0.0, 0.0, 0.0, 0.5773502691896258, 0.5773502691896258, 0.5773502691896258]], "V_T2_WA": [[0.3535533905932738, 0.35355339059327373, 0.5000000000000003, 0.5000000000000002, 0.35355339059327356, 0.35355339059327356], [-0.44403691698855796, -0.44403691698855763, -0.32505758367186827, 0.32505758367186793, 0.4440369169885577, 0.4440369169885577]], "M_WA": [[0.16666666666666669, 0.16666666666666669, 0.16666666666666669, 0.16666666666666666, 0.16666666666666666, 0.16666666666666666], [520329352426229.2, 520329352426229.2, 520329352426229.2, -520329352426228.94, -520329352426228.94, -520329352426228.94]], "C_T1_KW": [[0.5773502691896258, 0.4082482904638632], [0.5773502691896258, 0.4082482904638632]], "V_T1_KW": [[0.5, 0.5, 0.0, 0.0, 0.5, 0.5], [0.0, 0.0, 0.7071067811865475, 0.7071067811865475, 0.0, 0.0]], "V_T2_KW": [[0.5773502691896258, 0.5773502691896258, 0.5773502691896258, 0.0, 0.0, 0.0], [0.0, 0.0, 0.0, 0.5773502691896258, 0.5773502691896258, 0.5773502691896258]], "M_KW": [[0.16666666666666666, 0.16666666666666666, 0.16666666666666669, 0.16666666666666669, 0.16666666666666666, 0.16666666666666666], [0.16666666666666666, 0.16666666666666666, 0.16666666666666669, 0.16666666666666669, 0.16666666666666666, 0.16666666666666666]], "C_T1_KA": [[0.7071067811865472, 0.707106781186548], [-1.1102230246251565e-16, -2.290498751923066e-16]], "V_T1_KA": [[0.5, 0.5, 0.0, 0.0, 0.5, 0.5], [0.0, 0.0, 0.7071067811865475, 0.7071067811865475, 0.0, 0.0]], "V_T2_KA": [[0.3535533905932738, 0.35355339059327373, 0.5000000000000003, 0.5000000000000002, 0.35355339059327356, 0.35355339059327356], [-0.44403691698855796, -0.44403691698855763, -0.32505758367186827, 0.32505758367186793, 0.4440369169885577, 0.4440369169885577]], "M_KA": [[0.14644660940672619, 0.14644660940672619, 0.20710678118654768, 0.20710678118654768, 0.14644660940672619, 0.14644660940672619], [0.1016743532939981, 0.1016743532939981, 0.2966512934120038, 0.2966512934120038, 0.1016743532939981, 0.1016743532939981]], "C_T1_AW": [[0.6969234250586755, -0.7004017505420331], [0.696923425058676, 0.7004017505420327]], "V_T1_AW": [[0.3535533905932738, 0.35355339059327373, 0.5000000000000003, 0.5000000000000002, 0.35355339059327356, 0.35355339059327356], [-0.44403691698855796, -0.44403691698855763, -0.32505758367186827, 0.32505758367186793, 0.4440369169885577, 0.4440369169885577]], "V_T2_AW": [[0.5773502691896258, 0.5773502691896258, 0.5773502691896258, 0.0, 0.0, 0.0], [0.0, 0.0, 0.0, 0.5773502691896258, 0.5773502691896258, 0.5773502691896258]], "M_AW": [[0.33129069274705664, 0.3312906927470565, 0.3424220416701653, 0.07179152070293002, -0.038397473933604195, -0.038397473933604195], [-0.038397473933603994, -0.038397473933603876, 0.07179152070293011, 0.3424220416701651, 0.33129069274705636, 0.33129069274705636]], "C_T1_AK": [[0.7071067811865471, -1.6653345369377348e-16], [0.7071067811865476, -2.802062142597504e-16]], "V_T1_AK": [[0.3535533905932738, 0.35355339059327373, 0.5000000000000003, 0.5000000000000002, 0.35355339059327356, 0.35355339059327356], [-0.44403691698855796, -0.44403691698855763, -0.32505758367186827, 0.32505758367186793, 0.4440369169885577, 0.4440369169885577]], "V_T2_AK": [[0.5, 0.5, 0.0, 0.0, 0.5, 0.5], [0.0, 0.0, 0.7071067811865475, 0.7071067811865475, 0.0, 0.0]], "M_AK": [[0.1464466094067263, 0.14644660940672627, 0.20710678118654768, 0.2071067811865476, 0.1464466094067261, 0.1464466094067261], [0.1464466094067263, 0.14644660940672627, 0.20710678118654768, 0.20710678118654752, 0.14644660940672607, 0.14644660940672607]], "C_T1_WKA": [[0.6969234250586762, 0.6969234250586762], [-1.920160315397513e-16, -1.920160315397513e-16]], "V_T1_WKA": [[0.5773502691896258, 0.5773502691896258, 0.5773502691896258, 0.0, 0.0, 0.0], [0.0, 0.0, 0.0, 0.5773502691896258, 0.5773502691896258, 0.5773502691896258]], "C_T2_WKA": [[0.8047378541243653, 0.5690355937288495], [-2.220446049250313e-16, -1.5632280796979702e-16]], "V_T2_WKA": [[0.5, 0.5, 0.0, 0.0, 0.5, 0.5], [0.0, 0.0, 0.7071067811865475, 0.7071067811865475, 0.0, 0.0]], "V_T3_WKA": [[0.3535533905932738, 0.35355339059327373, 0.5000000000000003, 0.5000000000000002, 0.35355339059327356, 0.35355339059327356], [-0.44403691698855796, -0.44403691698855763, -0.32505758367186827, 0.32505758367186793, 0.4440369169885577, 0.4440369169885577]], "M_WKA": [[0.16666666666666669, 0.16666666666666669, 0.16666666666666669, 0.16666666666666669, 0.16666666666666669, 0.16666666666666669], [0.16666666666666666, 0.16666666666666666, 0.16666666666666666, 0.16666666666666666, 0.16666666666666666, 0.16666666666666666]], "C_T1_WAK": [[0.5608406615707218, 0.5608406615707214], [0.396574234961807, 0.3965742349618066]], "V_T1_WAK": [[0.5773502691896258, 0.5773502691896258, 0.5773502691896258, 0.0, 0.0, 0.0], [0.0, 0.0, 0.0, 0.5773502691896258, 0.5773502691896258, 0.5773502691896258]], "C_T2_WAK": [[0.8047378541243649, -1.6245922042925654e-16], [0.5690355937288492, -1.6941035007104736e-16]], "V_T2_WAK": [[0.3535533905932738, 0.35355339059327373, 0.5000000000000003, 0.5000000000000002, 0.35355339059327356, 0.35355339059327356], [-0.44403691698855796, -0.44403691698855763, -0.32505758367186827, 0.32505758367186793, 0.4440369169885577, 0.4440369169885577]], "V_T3_WAK": [[0.5, 0.5, 0.0, 0.0, 0.5, 0.5], [0.0, 0.0, 0.7071067811865475, 0.7071067811865475, 0.0, 0.0]],