{"W": [[0.2, 0.0, 0.0, 0.0, 0.0, 0.0], [0.0, 0.2, 0.0, 0.0, 0.0, 0.0], [0.0, 0.0, 0.2, 0.0, 0.0, 0.0], [0.0, 0.0, 0.0, -0.2, 0.0, 0.0], [0.0, 0.0, 0.0, 0.0, -0.2, 0.0], [0.0, 0.0, 0.0, 0.0, 0.0, -0.2]], "K": [[2, 0, 0, 0, 0, 0], [0, 2, 0, 0, 0, 0], [0, 0, 3, 0, 0, 0], [0, 0, 0, 3, 0, 0], [0, 0, 0, 0, 2, 0], [0, 0, 0, 0, 0, 2]], "A": [[0, 1, 1, 0, 0, 0], [1, 0, 1, 0, 0, 0], [1, 1, 0, 1, 0, 0], [0, 0, 1, 0, 1, 1], [0, 0, 0, 1, 0, 1], [0, 0, 0, 1, 1, 0]], "V_W": [[0.5773502691896258, 0.5773502691896258, 0.5773502691896258, 0.0, 0.0, 0.0], [0.0, 0.0, 0.0, 0.7071067811865475, 0.7071067811865475, 0.0], [0.0, 0.0, 0.0, 0.0, 0.0, 1.0]], "M_W": [[0.3333333333333333, 0.3333333333333333, 0.3333333333333333, 0.0, 0.0, 0.0], [0.0, 0.0, 0.0, 0.5, 0.5, 0.0], [0.0, 0.0, 0.0, 0.0, 0.0, 1.0]], "V_K": [[0.7071067811865475, 0.7071067811865475, 0.0, 0.0, 0.0, 0.0], [0.0, 0.0, 0.7071067811865475, 0.7071067811865475, 0.0, 0.0], [0.0, 0.0, 0.0, 0.0, 0.7071067811865475, 0.7071067811865475]], "M_K": [[0.5, 0.5, 0.0, 0.0, 0.0, 0.0], [0.0, 0.0, 0.5, 0.5, 0.0, 0.0], [0.0, 0.0, 0.0, 0.0, 0.5, 0.5]], "V_A": [[0.3535533905932738, 0.35355339059327373, 0.5000000000000003, 0.5000000000000002, 0.35355339059327356, 0.35355339059327356], [-0.44403691698855796, -0.44403691698855763, -0.32505758367186827, 0.32505758367186793, 0.4440369169885577, 0.4440369169885577], [-0.35355339059327356, -0.35355339059327406, 0.5000000000000001, 0.4999999999999997, -0.35355339059327395, -0.35355339059327395]], "M_A": [[0.08185790665700794, 0.08185790665703317, 0.02107485681510223, 0.18999502740536767, 0.312607151232744, 0.3126071512327451], [0.24528766480797887, 0.24528766480800226, 0.11567293782915111, 0.05873466289654738, 0.16750853482915962, 0.16750853482916075], [0.16164212372901626, 0.16164212372903816, 0.2407652475340898, 0.2064412265679673, 0.11475463921994368, 0.11475463921994475]], "V_T1_WK": [[0.5773502691896258, 0.5773502691896258, 0.5773502691896258, 0.0, 0.0, 0.0], [0.0, 0.0, 0.0, 0.7071067811865475, 0.7071067811865475, 0.0], [0.0, 0.0, 0.0, 0.0, 0.0, 1.0]], "V_T2_WK": [[0.7071067811865475, 0.7071067811865475, 0.0, 0.0, 0.0, 0.0], [0.0, 0.0, 0.7071067811865475, 0.7071067811865475, 0.0, 0.0], [0.0, 0.0, 0.0, 0.0, 0.7071067811865475, 0.7071067811865475]], "M_WK": [[0.33333333333333337, 0.33333333333333337, 0.33333333333333337, 0.0, 0.0, 0.0], [0.16666666666666669, 0.16666666666666669, 0.16666666666666669, 0.25, 0.25, 0.0], [0.0, 0.0, 0.0, 0.25000000000000006, 0.25000000000000006, 0.5]], "V_T1_WA": [[0.5773502691896258, 0.5773502691896258, 0.5773502691896258, 0.0, 0.0, 0.0], [0.0, 0.0, 0.0, 0.7071067811865475, 0.7071067811865475, 0.0], [0.0, 0.0, 0.0, 0.0, 0.0, 1.0]], "V_T2_WA": [[0.3535533905932738, 0.35355339059327373, 0.5000000000000003, 0.5000000000000002, 0.35355339059327356, 0.35355339059327356], [-0.44403691698855796, -0.44403691698855763, -0.32505758367186827, 0.32505758367186793, 0.4440369169885577, 0.4440369169885577], [-0.35355339059327356, -0.35355339059327406, 0.5000000000000001, 0.4999999999999997, -0.35355339059327395, -0.35355339059327395]], "M_WA": [[0.1035438682709966, 0.1035438682709966, 0.1035438682709966, 0.21513473190742755, 0.21513473191037344, 0.25909893136920925], [0.26167345040966633, 0.26167345040966633, 0.26167345040966633, 0.030781695052234707, 0.03078169505759452, 0.15341625866117167], [0.1869223697730465, 0.1869223697730465, 0.1869223697730465, 0.21373312370733477, 0.21373312370828426, 0.01176664326524166]], "V_T1_KW": [[0.7071067811865475, 0.7071067811865475, 0.0, 0.0, 0.0, 0.0], [0.0, 0.0, 0.7071067811865475, 0.7071067811865475, 0.0, 0.0], [0.0, 0.0, 0.0, 0.0, 0.7071067811865475, 0.7071067811865475]], "V_T2_KW": [[0.5773502691896258, 0.5773502691896258, 0.5773502691896258, 0.0, 0.0, 0.0], [0.0, 0.0, 0.0, 0.7071067811865475, 0.7071067811865475, 0.0], [0.0, 0.0, 0.0, 0.0, 0.0, 1.0]], "M_KW": [[0.33333333333333326, 0.33333333333333326, 0.16666666666666669, 0.16666666666666669, 0.0, 0.0], [0.0, 0.0, 0.25, 0.25, 0.25, 0.25], [0.0, 0.0, 0.0, 0.0, 0.5, 0.5]], "V_T1_KA": [[0.7071067811865475, 0.7071067811865475, 0.0, 0.0, 0.0, 0.0], [0.0, 0.0, 0.7071067811865475, 0.7071067811865475, 0.0, 0.0], [0.0, 0.0, 0.0, 0.0, 0.7071067811865475, 0.7071067811865475]], "V_T2_KA": [[0.3535533905932738, 0.35355339059327373, 0.5000000000000003, 0.5000000000000002, 0.35355339059327356, 0.35355339059327356], [-0.44403691698855796, -0.44403691698855763, -0.32505758367186827, 0.32505758367186793, 0.4440369169885577, 0.4440369169885577], [-0.35355339059327356, -0.35355339059327406, 0.5000000000000001, 0.4999999999999997, -0.35355339059327395, -0.35355339059327395]], "M_KA": [[0.17476653204305653, 0.174705500934051, 0.09713953243351095, 0.09693380831543598, 0.22831883217850163, 0.22813579409544396], [0.2202340439528192, 0.22017009515879232, 0.14175702571237667, 0.14154201035860678, 0.13824462052654415, 0.1380522042908609], [0.1845381819809367, 0.1844755160257205, 0.18378499568103698, 0.18357491937667966, 0.13190734577513555, 0.13171904116049055]], "V_T1_AW": [[0.3535533905932738, 0.35355339059327373, 0.5000000000000003, 0.5000000000000002, 0.35355339059327356, 0.35355339059327356], [-0.44403691698855796, -0.44403691698855763, -0.32505758367186827, 0.32505758367186793, 0.4440369169885577, 0.4440369169885577], [-0.35355339059327356, -0.35355339059327406, 0.5000000000000001, 0.4999999999999997, -0.35355339059327395, -0.35355339059327395]], "V_T2_AW": [[0.5773502691896258, 0.5773502691896258, 0.5773502691896258, 0.0, 0.0, 0.0], [0.0, 0.0, 0.0, 0.7071067811865475, 0.7071067811865475, 0.0], [0.0, 0.0, 0.0, 0.0, 0.0, 1.0]], "M_AW": [[0.07096590566510821, 0.0709659056651029, 0.20376676053588275, 0.286456646546079, 0.18392239079101094, 0.18392239079681627], [0.22686579344825566, 0.22686579344825103, 0.3024877320466142, 0.16518021270922958, 0.039300234170646105, 0.0393002341770035], [0.2593880751533277, 0.25938807515332885, 0.07235845489394675, 0.023519567374603464, 0.19267291371259557, 0.19267291371219764]], "V_T1_AK": [[0.3535533905932738, 0.35355339059327373, 0.5000000000000003, 0.5000000000000002, 0.35355339059327356, 0.35355339059327356], [-0.44403691698855796, -0.44403691698855763, -0.32505758367186827, 0.32505758367186793, 0.4440369169885577, 0.4440369169885577], [-0.35355339059327356, -0.35355339059327406, 0.5000000000000001, 0.4999999999999997, -0.35355339059327395, -0.35355339059327395]], "V_T2_AK": [[0.7071067811865475, 0.7071067811865475, 0.0, 0.0, 0.0, 0.0], [0.0, 0.0, 0.7071067811865475, 0.7071067811865475, 0.0, 0.0], [0.0, 0.0, 0.0, 0.0, 0.7071067811865475, 0.7071067811865475]], "M_AK": [[0.35132110557770746, 0.35132110557770735, 0.25892769070953986, 0.011573125995965796, 0.013428486066826435, 0.013428486072253018], [0.1331059776517497, 0.13310597765174978, 0.10684479401218427, 0.17487347688403992, 0.22603488689863635, 0.22603488690163992], [0.14309941749426963, 0.14309941749426947, 0.3829961435143159, 0.2923248277492376, 0.019240096871106335, 0.01924009687680102]], "V_T1_WKA": [[0.5773502691896258, 0.5773502691896258, 0.5773502691896258, 0.0, 0.0, 0.0], [0.0, 0.0, 0.0, 0.7071067811865475, 0.7071067811865475, 0.0], [0.0, 0.0, 0.0, 0.0, 0.0, 1.0]], "V_T2_WKA": [[0.7071067811865475, 0.7071067811865475, 0.0, 0.0, 0.0, 0.0], [0.0, 0.0, 0.7071067811865475, 0.7071067811865475, 0.0, 0.0], [0.0, 0.0, 0.0, 0.0, 0.7071067811865475, 0.7071067811865475]], "V_T3_WKA": [[0.3535533905932738, 0.35355339059327373, 0.5000000000000003, 0.5000000000000002, 0.35355339059327356, 0.35355339059327356], [-0.44403691698855796, -0.44403691698855763, -0.32505758367186827, 0.32505758367186793, 0.4440369169885577, 0.4440369169885577], [-0.35355339059327356, -0.35355339059327406, 0.5000000000000001, 0.4999999999999997, -0.35355339059327395, -0.35355339059327395]],