{"W": [[0.2, 0.0, 0.0, 0.0, 0.0, 0.0], [0.0, 0.2, 0.0, 0.0, 0.0, 0.0], [0.0, 0.0, 0.2, 0.0, 0.0, 0.0], [0.0, 0.0, 0.0, -0.2, 0.0, 0.0], [0.0, 0.0, 0.0, 0.0, -0.2, 0.0], [0.0, 0.0, 0.0, 0.0, 0.0, -0.2]], "K": [[2, 0, 0, 0, 0, 0], [0, 2, 0, 0, 0, 0], [0, 0, 3, 0, 0, 0], [0, 0, 0, 3, 0, 0], [0, 0, 0, 0, 2, 0], [0, 0, 0, 0, 0, 2]], "A": [[0, 1, 1, 0, 0, 0], [1, 0, 1, 0, 0, 0], [1, 1, 0, 1, 0, 0], [0, 0, 1, 0, 1, 1], [0, 0, 0, 1, 0, 1], [0, 0, 0, 1, 1, 0]], "V_W": [[0.5773502691896258, 0.5773502691896258, 0.5773502691896258, 0.0, 0.0, 0.0], [0.0, 0.0, 0.0, 0.5773502691896258, 0.5773502691896258, 0.5773502691896258]], "M_W": [[0.3333333333333333, 0.3333333333333333, 0.3333333333333333, 0.0, 0.0, 0.0], [0.0, 0.0, 0.0, 0.3333333333333333, 0.3333333333333333, 0.3333333333333333]], "V_K": [[0.5, 0.5, 0.0, 0.0, 0.5, 0.5], [0.0, 0.0, 0.7071067811865475, 0.7071067811865475, 0.0, 0.0]], "M_K": [[0.25, 0.25, 0.0, 0.0, 0.25, 0.25], [0.0, 0.0, 0.5, 0.5, 0.0, 0.0]], "V_A": [[0.3535533905932738, 0.35355339059327373, 0.5000000000000003, 0.5000000000000002, 0.35355339059327356, 0.35355339059327356], [-0.44403691698855796, -0.44403691698855763, -0.32505758367186827, 0.32505758367186793, 0.4440369169885577, 0.4440369169885577]], "M_A": [[0.20932401288516125, 0.20932401288248065, 0.25313623518797057, 0.16107732720213708, 0.08356920592112521, 0.08356920592112521], [0.014998039007597226, 0.014998039002599895, 0.11087974889627193, 0.30333381339257587, 0.27789517985047757, 0.27789517985047757]], "V_T1_WK": [[0.5773502691896258, 0.5773502691896258, 0.5773502691896258, 0.0, 0.0, 0.0], [0.0, 0.0, 0.0, 0.5773502691896258, 0.5773502691896258, 0.5773502691896258]], "V_T2_WK": [[0.5, 0.5, 0.0, 0.0, 0.5, 0.5], [0.0, 0.0, 0.7071067811865475, 0.7071067811865475, 0.0, 0.0]], "M_WK": [[0.16666666666666666, 0.16666666666666666, 0.16666666666666666, 0.16666666666666669, 0.16666666666666669, 0.16666666666666669], [0.16666666666666669, 0.16666666666666669, 0.16666666666666669, 0.16666666666666669, 0.16666666666666669, 0.16666666666666669]], "V_T1_WA": [[0.5773502691896258, 0.5773502691896258, 0.5773502691896258, 0.0, 0.0, 0.0], [0.0, 0.0, 0.0, 0.5773502691896258, 0.5773502691896258, 0.5773502691896258]], "V_T2_WA": [[0.3535533905932738, 0.35355339059327373, 0.5000000000000003, 0.5000000000000002, 0.35355339059327356, 0.35355339059327356], [-0.44403691698855796, -0.44403691698855763, -0.32505758367186827, 0.32505758367186793, 0.4440369169885577, 0.4440369169885577]], "M_WA": [[0.13434120821394577, 0.13434120821394577, 0.13434120821394577, 0.19899212515721615, 0.19899212504021394, 0.19899212516073259], [0.32408510948640445, 0.32408510948640445, 0.32408510948640445, 0.009248223930656913, 0.009248223671689624, 0.009248223938440134]], "V_T1_KW": [[0.5, 0.5, 0.0, 0.0, 0.5, 0.5], [0.0, 0.0, 0.7071067811865475, 0.7071067811865475, 0.0, 0.0]], "V_T2_KW": [[0.5773502691896258, 0.5773502691896258, 0.5773502691896258, 0.0, 0.0, 0.0], [0.0, 0.0, 0.0, 0.5773502691896258, 0.5773502691896258, 0.5773502691896258]], "M_KW": [[0.16666666666666666, 0.16666666666666666, 0.16666666666666669, 0.16666666666666669, 0.16666666666666666, 0.16666666666666666], [0.16666666666666666, 0.16666666666666666, 0.16666666666666669, 0.16666666666666669, 0.16666666666666666, 0.16666666666666666]], "V_T1_KA": [[0.5, 0.5, 0.0, 0.0, 0.5, 0.5], [0.0, 0.0, 0.7071067811865475, 0.7071067811865475, 0.0, 0.0]], "V_T2_KA": [[0.3535533905932738, 0.35355339059327373, 0.5000000000000003, 0.5000000000000002, 0.35355339059327356, 0.35355339059327356], [-0.44403691698855796, -0.44403691698855763, -0.32505758367186827, 0.32505758367186793, 0.4440369169885577, 0.4440369169885577]], "M_KA": [[0.17191280124552025, 0.016628335787093166, 0.2370291078608266, 0.1404673846602497, 0.2185118136610357, 0.2154505567852745], [0.09991891581175094, 0.38362949246154987, 0.15243756221844595, 0.32885947343611893, 0.014780762135616032, 0.02037379393651836]], "V_T1_AW": [[0.3535533905932738, 0.35355339059327373, 0.5000000000000003, 0.5000000000000002, 0.35355339059327356, 0.35355339059327356], [-0.44403691698855796, -0.44403691698855763, -0.32505758367186827, 0.32505758367186793, 0.4440369169885577, 0.4440369169885577]], "V_T2_AW": [[0.5773502691896258, 0.5773502691896258, 0.5773502691896258, 0.0, 0.0, 0.0], [0.0, 0.0, 0.0, 0.5773502691896258, 0.5773502691896258, 0.5773502691896258]], "M_AW": [[0.18775866329663485, 0.18775866329432336, 0.2373493036725115, 0.17686425883528653, 0.10513455545062189, 0.10513455545062189], [0.04562285853219098, 0.045622858529139304, 0.13329867297933645, 0.2809148895320986, 0.24727036021361734, 0.24727036021361734]], "V_T1_AK": [[0.3535533905932738, 0.35355339059327373, 0.5000000000000003, 0.5000000000000002, 0.35355339059327356, 0.35355339059327356], [-0.44403691698855796, -0.44403691698855763, -0.32505758367186827, 0.32505758367186793, 0.4440369169885577, 0.4440369169885577]], "V_T2_AK": [[0.5, 0.5, 0.0, 0.0, 0.5, 0.5], [0.0, 0.0, 0.7071067811865475, 0.7071067811865475, 0.0, 0.0]], "M_AK": [[0.1464466094067263, 0.14644660940672627, 0.20710678118654768, 0.2071067811865476, 0.1464466094067261, 0.1464466094067261], [0.1464466094067263, 0.14644660940672627, 0.20710678118654768, 0.20710678118654752, 0.14644660940672607, 0.14644660940672607]], "V_T1_WKA": [[0.5773502691896258, 0.5773502691896258, 0.5773502691896258, 0.0, 0.0, 0.0], [0.0, 0.0, 0.0, 0.5773502691896258, 0.5773502691896258, 0.5773502691896258]], "V_T2_WKA": [[0.5, 0.5, 0.0, 0.0, 0.5, 0.5], [0.0, 0.0, 0.7071067811865475, 0.7071067811865475, 0.0, 0.0]], "V_T3_WKA": [[0.3535533905932738, 0.35355339059327373, 0.5000000000000003, 0.5000000000000002, 0.35355339059327356, 0.35355339059327356], [-0.44403691698855796, -0.44403691698855763, -0.32505758367186827, 0.32505758367186793, 0.4440369169885577, 0.4440369169885577]], "M_WKA": [[0.2748353100857297, 0.09149040717865269, 0.1309580741550113, 0.07738831829503287, 0.22095171581037415, 0.20437617447519932], [0.013669017276982673, 0.2729986925477353, 0.2171741940297435, 0.29294519813738684, 0.08988392581491575, 0.11332897219323601]], "V_T1_WAK": [[0.5773502691896258, 0.5773502691896258, 0.5773502691896258, 0.0, 0.0, 0.0], [0.0, 0.0, 0.0, 0.5773502691896258, 0.5773502691896258, 0.5773502691896258]], "V_T2_WAK": [[0.3535533905932738, 0.35355339059327373, 0.5000000000000003, 0.5000000000000002, 0.35355339059327356, 0.35355339059327356], [-0.44403691698855796, -0.44403691698855763, -0.32505758367186827, 0.32505758367186793, 0.4440369169885577, 0.4440369169885577]], "V_T3_WAK": [[0.5, 0.5, 0.0, 0.0, 0.5, 0.5], [0.0, 0.0, 0.7071067811865475, 0.7071067811865475, 0.0, 0.0]], "M_WAK": [[0.1666666666666667, 0.1666666666666667, 0.1666666666666667, 0.16666666666666663, 0.16666666666666663, 0.16666666666666663], [0.16666666666666674, 0.16666666666666674, 0.16666666666666674, 0.1666666666666666, 0.1666666666666666, 0.1666666666666666]], "V_T1_KWA": [[0.5, 0.5, 0.0, 0.0, 0.5, 0.5], [0.0, 0.0, 0.7071067811865475, 0.7071067811865475, 0.0, 0.0]], "V_T2_KWA": [[0.5773502691896258, 0.5773502691896258, 0.5773502691896258, 0.0, 0.0, 0.0], [0.0, 0.0, 0.0, 0.5773502691896258, 0.5773502691896258, 0.5773502691896258]], "V_T3_KWA": [[0.3535533905932738, 0.35355339059327373, 0.5000000000000003, 0.5000000000000002, 0.35355339059327356, 0.35355339059327356], [-0.44403691698855796, -0.44403691698855763, -0.32505758367186827, 0.32505758367186793, 0.4440369169885577, 0.4440369169885577]], "M_KWA": [[0.05855946565346095, 0.07514986426632721, 0.16998916854157953, 0.17391981086632705, 0.4376957864867663, 0.08468590418553913], [0.19309309578342732, 0.1890376305710702, 0.16585449264457214, 0.16489366080533577, 0.1004145414013018, 0.18670657879429292]], "V_T1_KAW": [[0.5, 0.5, 0.0, 0.0, 0.5, 0.5], [0.0, 0.0, 0.7071067811865475, 0.7071067811865475, 0.0, 0.0]],