{"W": [[0.2, 0.0, 0.0, 0.0, 0.0, 0.0], [0.0, -0.2, 0.0, 0.0, 0.0, 0.0], [0.0, 0.0, 0.2, 0.0, 0.0, 0.0], [0.0, 0.0, 0.0, -0.2, 0.0, 0.0], [0.0, 0.0, 0.0, 0.0, 0.2, 0.0], [0.0, 0.0, 0.0, 0.0, 0.0, -0.2]], "K": [[2, 0, 0, 0, 0, 0], [0, 2, 0, 0, 0, 0], [0, 0, 3, 0, 0, 0], [0, 0, 0, 3, 0, 0], [0, 0, 0, 0, 2, 0], [0, 0, 0, 0, 0, 2]], "A": [[0, 1, 1, 0, 0, 0], [1, 0, 1, 0, 0, 0], [1, 1, 0, 1, 0, 0], [0, 0, 1, 0, 1, 1], [0, 0, 0, 1, 0, 1], [0, 0, 0, 1, 1, 0]], "V_W": [[0.5773502691896258, 0.0, 0.5773502691896258, 0.0, 0.5773502691896258, 0.0], [0.0, 0.5773502691896258, 0.0, 0.5773502691896258, 0.0, 0.5773502691896258]], "M_W": [[0.3333333333333333, 0.0, 0.3333333333333333, 0.0, 0.3333333333333333, 0.0], [0.0, 0.3333333333333333, 0.0, 0.3333333333333333, 0.0, 0.3333333333333333]], "V_K": [[0.5773502691896258, 0.5773502691896258, 0.0, 0.0, 0.5773502691896258, 0.0], [0.0, 0.0, 0.7071067811865475, 0.7071067811865475, 0.0, 0.0]], "M_K": [[0.3333333333333333, 0.3333333333333333, 0.0, 0.0, 0.3333333333333333, 0.0], [0.0, 0.0, 0.5, 0.5, 0.0, 0.0]], "V_A": [[0.35355339059327356, 0.35355339059327345, 0.5, 0.5000000000000003, 0.3535533905932738, 0.3535533905932738], [-0.44403691698855763, -0.4440369169885577, -0.32505758367186827, 0.32505758367186793, 0.44403691698855763, 0.44403691698855763]], "M_A": [[0.28444846175975563, 0.28444846175975547, 0.3222044687134683, 0.10889860776702047, 1.5e-323, 1.5e-323], [5.014282493015994e-38, 4.996434860893035e-38, 2.1554718793868177e-11, 0.27836753233320116, 0.36081623382262207, 0.36081623382262207]], "V_T1_WK": [[0.5773502691896258, 0.0, 0.5773502691896258, 0.0, 0.5773502691896258, 0.0], [0.0, 0.5773502691896258, 0.0, 0.5773502691896258, 0.0, 0.5773502691896258]], "V_T2_WK": [[0.5773502691896258, 0.5773502691896258, 0.0, 0.0, 0.5773502691896258, 0.0], [0.0, 0.0, 0.7071067811865475, 0.7071067811865475, 0.0, 0.0]], "M_WK": [[0.33333323067718224, 1.0265615114379916e-07, 0.33333323067718224, 1.0265615114379916e-07, 0.33333323067718224, 1.0265615114379916e-07], [0.001015187217364376, 0.332318146115969, 0.001015187217364376, 0.332318146115969, 0.001015187217364376, 0.332318146115969]], "V_T1_WA": [[0.5773502691896258, 0.0, 0.5773502691896258, 0.0, 0.5773502691896258, 0.0], [0.0, 0.5773502691896258, 0.0, 0.5773502691896258, 0.0, 0.5773502691896258]], "V_T2_WA": [[0.35355339059327356, 0.35355339059327345, 0.5, 0.5000000000000003, 0.3535533905932738, 0.3535533905932738], [-0.44403691698855763, -0.4440369169885577, -0.32505758367186827, 0.32505758367186793, 0.44403691698855763, 0.44403691698855763]], "M_WA": [[0.03173451397490021, 0.301598819358433, 0.03173451397490039, 0.301598819358433, 0.03173451397490039, 0.301598819358433], [0.2734224748565455, 0.05991085847678792, 0.27342247485654536, 0.05991085847678792, 0.27342247485654536, 0.05991085847678792]], "V_T1_KW": [[0.5773502691896258, 0.5773502691896258, 0.0, 0.0, 0.5773502691896258, 0.0], [0.0, 0.0, 0.7071067811865475, 0.7071067811865475, 0.0, 0.0]], "V_T2_KW": [[0.5773502691896258, 0.0, 0.5773502691896258, 0.0, 0.5773502691896258, 0.0], [0.0, 0.5773502691896258, 0.0, 0.5773502691896258, 0.0, 0.5773502691896258]], "M_KW": [[0.0002853861074064891, 0.0002853861074064891, 0.49957192083889024, 0.49957192083889024, 0.0002853861074064891, 0.0], [0.3320729525195332, 0.3320729525195332, 0.001890571220700223, 0.001890571220700223, 0.3320729525195332, 0.0]], "V_T1_KA": [[0.5773502691896258, 0.5773502691896258, 0.0, 0.0, 0.5773502691896258, 0.0], [0.0, 0.0, 0.7071067811865475, 0.7071067811865475, 0.0, 0.0]], "V_T2_KA": [[0.35355339059327356, 0.35355339059327345, 0.5, 0.5000000000000003, 0.3535533905932738, 0.3535533905932738], [-0.44403691698855763, -0.4440369169885577, -0.32505758367186827, 0.32505758367186793, 0.44403691698855763, 0.44403691698855763]], "M_KA": [[0.33327957364637284, 0.33327957364637284, 8.063953044075962e-05, 8.063953044075962e-05, 0.33327957364637284, 0.0], [0.052697477249859195, 0.052697477249859195, 0.4209537841252112, 0.4209537841252112, 0.052697477249859195, 0.0]], "V_T1_AW": [[0.35355339059327356, 0.35355339059327345, 0.5, 0.5000000000000003, 0.3535533905932738, 0.3535533905932738], [-0.44403691698855763, -0.4440369169885577, -0.32505758367186827, 0.32505758367186793, 0.44403691698855763, 0.44403691698855763]], "V_T2_AW": [[0.5773502691896258, 0.0, 0.5773502691896258, 0.0, 0.5773502691896258, 0.0], [0.0, 0.5773502691896258, 0.0, 0.5773502691896258, 0.0, 0.5773502691896258]], "M_AW": [[0.29633472769900054, 0.29633472769900043, 0.35499012094799415, 0.05234042365400495, 6.863858203146931e-58, 2.9800406070718612e-58], [5.025098825705776e-55, 1.7797134629716766e-55, 0.052340423655690915, 0.3549901209484405, 0.2963347276979343, 0.2963347276979343]], "V_T1_AK": [[0.35355339059327356, 0.35355339059327345, 0.5, 0.5000000000000003, 0.3535533905932738, 0.3535533905932738], [-0.44403691698855763, -0.4440369169885577, -0.32505758367186827, 0.32505758367186793, 0.44403691698855763, 0.44403691698855763]], "V_T2_AK": [[0.5773502691896258, 0.5773502691896258, 0.0, 0.0, 0.5773502691896258, 0.0], [0.0, 0.0, 0.7071067811865475, 0.7071067811865475, 0.0, 0.0]], "M_AK": [[3.531571323821575e-21, 3.519710081714689e-21, 0.01194571098913964, 0.3439195797009847, 0.32206735465493785, 0.32206735465493785], [0.27980819484981356, 0.27980819484981356, 0.34881422451616545, 0.0915693857842073, 2.6943598915420957e-75, 2.616339039444989e-75]], "V_T1_WKA": [[0.5773502691896258, 0.0, 0.5773502691896258, 0.0, 0.5773502691896258, 0.0], [0.0, 0.5773502691896258, 0.0, 0.5773502691896258, 0.0, 0.5773502691896258]], "V_T2_WKA": [[0.5773502691896258, 0.5773502691896258, 0.0, 0.0, 0.5773502691896258, 0.0], [0.0, 0.0, 0.7071067811865475, 0.7071067811865475, 0.0, 0.0]], "V_T3_WKA": [[0.35355339059327356, 0.35355339059327345, 0.5, 0.5000000000000003, 0.3535533905932738, 0.3535533905932738], [-0.44403691698855763, -0.4440369169885577, -0.32505758367186827, 0.32505758367186793, 0.44403691698855763, 0.44403691698855763]], "M_WKA": [[6.243348009852085e-05, 0.3332708998532348, 6.243348009852085e-05, 0.3332708998532348, 6.243348009852085e-05, 0.3332708998532348], [0.3330596264773127, 0.0002737068560205531, 0.3330596264773127, 0.0002737068560205531, 0.3330596264773127, 0.0002737068560205531]], "V_T1_WAK": [[0.5773502691896258, 0.0, 0.5773502691896258, 0.0, 0.5773502691896258, 0.0], [0.0, 0.5773502691896258, 0.0, 0.5773502691896258, 0.0, 0.5773502691896258]], "V_T2_WAK": [[0.35355339059327356, 0.35355339059327345, 0.5, 0.5000000000000003, 0.3535533905932738, 0.3535533905932738], [-0.44403691698855763, -0.4440369169885577, -0.32505758367186827, 0.32505758367186793, 0.44403691698855763, 0.44403691698855763]], "V_T3_WAK": [[0.5773502691896258, 0.5773502691896258, 0.0, 0.0, 0.5773502691896258, 0.0], [0.0, 0.0, 0.7071067811865475, 0.7071067811865475, 0.0, 0.0]], "M_WAK": [[0.09546199759475116, 0.23787133573858218, 0.09546199759475116, 0.23787133573858218, 0.09546199759475116, 0.23787133573858218], [0.29355419461945176, 0.03977913871388161, 0.29355419461945176, 0.03977913871388161, 0.29355419461945176, 0.03977913871388161]], "V_T1_KWA": [[0.5773502691896258, 0.5773502691896258, 0.0, 0.0, 0.5773502691896258, 0.0], [0.0, 0.0, 0.7071067811865475, 0.7071067811865475, 0.0, 0.0]], "V_T2_KWA": [[0.5773502691896258, 0.0, 0.5773502691896258, 0.0, 0.5773502691896258, 0.0], [0.0, 0.5773502691896258, 0.0, 0.5773502691896258, 0.0, 0.5773502691896258]], "V_T3_KWA": [[0.35355339059327356, 0.35355339059327345, 0.5, 0.5000000000000003, 0.3535533905932738, 0.3535533905932738], [-0.44403691698855763, -0.4440369169885577, -0.32505758367186827, 0.32505758367186793, 0.44403691698855763, 0.44403691698855763]], "M_KWA": [[0.33333317236466803, 0.33333317236466803, 2.4145294572966454e-07, 2.4145304994160505e-07, 0.33333317236466803, 0.0], [0.0004529750207819273, 0.0004529750207819273, 0.4993205373775336, 0.4993205375601205, 0.0004529750207819273, 0.0]],