{"W": [[0.2, 0.0, 0.0, 0.0, 0.0, 0.0], [0.0, -0.2, 0.0, 0.0, 0.0, 0.0], [0.0, 0.0, 0.2, 0.0, 0.0, 0.0], [0.0, 0.0, 0.0, -0.2, 0.0, 0.0], [0.0, 0.0, 0.0, 0.0, 0.2, 0.0], [0.0, 0.0, 0.0, 0.0, 0.0, -0.2]], "K": [[2, 0, 0, 0, 0, 0], [0, 2, 0, 0, 0, 0], [0, 0, 3, 0, 0, 0], [0, 0, 0, 3, 0, 0], [0, 0, 0, 0, 2, 0], [0, 0, 0, 0, 0, 2]], "A": [[0, 1, 1, 0, 0, 0], [1, 0, 1, 0, 0, 0], [1, 1, 0, 1, 0, 0], [0, 0, 1, 0, 1, 1], [0, 0, 0, 1, 0, 1], [0, 0, 0, 1, 1, 0]], "V_W": [[0.5773502691896258, 0.0, 0.5773502691896258, 0.0, 0.5773502691896258, 0.0], [0.0, 0.0, 0.0, 1.0, 0.0, 0.0], [0.0, 0.7071067811865475, 0.0, 0.0, 0.0, 0.7071067811865475]], "M_W": [[0.3333333333333333, 0.0, 0.3333333333333333, 0.0, 0.3333333333333333, 0.0], [0.0, 0.0, 0.0, 1.0, 0.0, 0.0], [0.0, 0.5, 0.0, 0.0, 0.0, 0.5]], "V_K": [[0.7071067811865475, 0.7071067811865475, 0.0, 0.0, 0.0, 0.0], [0.0, 0.0, 0.7071067811865475, 0.7071067811865475, 0.0, 0.0], [0.0, 0.0, 0.0, 0.0, 1.0, 0.0]], "M_K": [[0.5, 0.5, 0.0, 0.0, 0.0, 0.0], [0.0, 0.0, 0.5, 0.5, 0.0, 0.0], [0.0, 0.0, 0.0, 0.0, 1.0, 0.0]], "V_A": [[0.3535533905932738, 0.35355339059327373, 0.5000000000000003, 0.5000000000000002, 0.35355339059327356, 0.35355339059327356], [-0.44403691698855796, -0.44403691698855763, -0.32505758367186827, 0.32505758367186793, 0.4440369169885577, 0.4440369169885577], [0.2298504216904919, 0.22985042169049147, -0.6279630301995545, 0.6279630301995544, -0.22985042169049122, -0.22985042169049125]], "M_A": [[0.022042085669212657, 0.02204221585720273, 0.0, 0.9540065748042792, 0.0018012467378471918, 0.00010787693145838275], [0.0, 0.0, 0.0, 4.1532365100120814e-10, 0.4998271554131013, 0.500172844171575], [0.3306261293842957, 0.3306260115732716, 0.33874785904243265, 1.2307878527416712e-30, 0.0, 0.0]], "V_T1_WK": [[0.5773502691896258, 0.0, 0.5773502691896258, 0.0, 0.5773502691896258, 0.0], [0.0, 0.0, 0.0, 1.0, 0.0, 0.0], [0.0, 0.7071067811865475, 0.0, 0.0, 0.0, 0.7071067811865475]], "V_T2_WK": [[0.7071067811865475, 0.7071067811865475, 0.0, 0.0, 0.0, 0.0], [0.0, 0.0, 0.7071067811865475, 0.7071067811865475, 0.0, 0.0], [0.0, 0.0, 0.0, 0.0, 1.0, 0.0]], "M_WK": [[0.0007488418063256141, 0.0, 0.0007444260436098792, 0.9979155006927425, 0.0005912314573220848, 0.0], [0.00044114373435092194, 0.49952377093630357, 0.00043482559919951847, 0.0, 7.648954122765902e-05, 0.4995237701889184], [0.3332887203206067, 7.703136494269186e-11, 0.3332914175712681, 1.7920293184281547e-10, 0.3334198610276245, 8.242663366634016e-10]], "V_T1_WA": [[0.5773502691896258, 0.0, 0.5773502691896258, 0.0, 0.5773502691896258, 0.0], [0.0, 0.0, 0.0, 1.0, 0.0, 0.0], [0.0, 0.7071067811865475, 0.0, 0.0, 0.0, 0.7071067811865475]], "V_T2_WA": [[0.3535533905932738, 0.35355339059327373, 0.5000000000000003, 0.5000000000000002, 0.35355339059327356, 0.35355339059327356], [-0.44403691698855796, -0.44403691698855763, -0.32505758367186827, 0.32505758367186793, 0.4440369169885577, 0.4440369169885577], [0.2298504216904919, 0.22985042169049147, -0.6279630301995545, 0.6279630301995544, -0.22985042169049122, -0.22985042169049125]], "M_WA": [[1.0060664566071827e-05, 1.456479489339578e-05, 1.3362466251242215e-05, 0.999938456163806, 1.2905151220126159e-05, 1.0650759263194859e-05], [0.3535830264683745, 0.26522640488726407, 0.02948378481808001, 0.0006114305114734648, 0.04757888517793527, 0.30351646813687266], [0.001442277766072075, 0.07352629545780308, 0.46582028029768796, 0.0006787285358152896, 0.4398932358018684, 0.018639182140753177]], "V_T1_KW": [[0.7071067811865475, 0.7071067811865475, 0.0, 0.0, 0.0, 0.0], [0.0, 0.0, 0.7071067811865475, 0.7071067811865475, 0.0, 0.0], [0.0, 0.0, 0.0, 0.0, 1.0, 0.0]], "V_T2_KW": [[0.5773502691896258, 0.0, 0.5773502691896258, 0.0, 0.5773502691896258, 0.0], [0.0, 0.0, 0.0, 1.0, 0.0, 0.0], [0.0, 0.7071067811865475, 0.0, 0.0, 0.0, 0.7071067811865475]], "M_KW": [[0.49951745826372396, 0.4995149642889429, 0.00021303196979757818, 7.573461281955614e-07, 0.000753788131407519, 0.0], [2.5544300574510892e-06, 8.785010540965619e-06, 0.000547771667433523, 0.0008887071487728502, 0.9985521817431953, 0.0], [2.893577363091766e-09, 2.4049720925459468e-09, 0.5000149103615934, 0.49998262310077934, 2.4612390778987668e-06, 0.0]], "V_T1_KA": [[0.7071067811865475, 0.7071067811865475, 0.0, 0.0, 0.0, 0.0], [0.0, 0.0, 0.7071067811865475, 0.7071067811865475, 0.0, 0.0], [0.0, 0.0, 0.0, 0.0, 1.0, 0.0]], "V_T2_KA": [[0.3535533905932738, 0.35355339059327373, 0.5000000000000003, 0.5000000000000002, 0.35355339059327356, 0.35355339059327356], [-0.44403691698855796, -0.44403691698855763, -0.32505758367186827, 0.32505758367186793, 0.4440369169885577, 0.4440369169885577], [0.2298504216904919, 0.22985042169049147, -0.6279630301995545, 0.6279630301995544, -0.22985042169049122, -0.22985042169049125]], "M_KA": [[0.06972704130153488, 0.028898205892523707, 0.04953507642786166, 0.8510308565596553, 0.0008088198184243437, 0.0], [0.29798862135692344, 0.3175054290042706, 0.38371214870727627, 0.0005924865978909846, 0.00020131433363870362, 0.0], [2.690977981833856e-20, 2.5637504289653716e-20, 1.8402473827249988e-07, 1.0107287985474052e-12, 0.999999815974251, 0.0]], "V_T1_AW": [[0.3535533905932738, 0.35355339059327373, 0.5000000000000003, 0.5000000000000002, 0.35355339059327356, 0.35355339059327356], [-0.44403691698855796, -0.44403691698855763, -0.32505758367186827, 0.32505758367186793, 0.4440369169885577, 0.4440369169885577], [0.2298504216904919, 0.22985042169049147, -0.6279630301995545, 0.6279630301995544, -0.22985042169049122, -0.22985042169049125]], "V_T2_AW": [[0.5773502691896258, 0.0, 0.5773502691896258, 0.0, 0.5773502691896258, 0.0], [0.0, 0.0, 0.0, 1.0, 0.0, 0.0], [0.0, 0.7071067811865475, 0.0, 0.0, 0.0, 0.7071067811865475]], "M_AW": [[0.0019332013181712912, 0.0014204935518005125, 0.0, 0.9935870245263139, 0.00140827736868475, 0.0016510032350294844], [0.24966899787868535, 0.25015544817771024, 7.117294005264586e-05, 6.644993015966586e-07, 0.2501669821285629, 0.2499367343756872], [0.0021491992921054475, 0.0015599240800014812, 0.9929196434522862, 0.0, 0.0015460976409108864, 0.0018251355346961078]], "V_T1_AK": [[0.3535533905932738, 0.35355339059327373, 0.5000000000000003, 0.5000000000000002, 0.35355339059327356, 0.35355339059327356], [-0.44403691698855796, -0.44403691698855763, -0.32505758367186827, 0.32505758367186793, 0.4440369169885577, 0.4440369169885577], [0.2298504216904919, 0.22985042169049147, -0.6279630301995545, 0.6279630301995544, -0.22985042169049122, -0.22985042169049125]], "V_T2_AK": [[0.7071067811865475, 0.7071067811865475, 0.0, 0.0, 0.0, 0.0], [0.0, 0.0, 0.7071067811865475, 0.7071067811865475, 0.0, 0.0], [0.0, 0.0, 0.0, 0.0, 1.0, 0.0]], "M_AK": [[1.1609231112937572e-06, 1.0449052709741427e-06, 0.4968680847387569, 0.5002430103025916, 0.0013933607042227543, 0.0014933384260465677], [0.4989310468563078, 0.498931107199884, 0.0015817422515496363, 0.0005561036922586427, 0.0, 0.0], [0.0, 0.0, 0.0029922304924277165, 0.0014232541297907117, 0.4978216603922612, 0.4977628549855204]], "V_T1_WKA": [[0.5773502691896258, 0.0, 0.5773502691896258, 0.0, 0.5773502691896258, 0.0], [0.0, 0.0, 0.0, 1.0, 0.0, 0.0], [0.0, 0.7071067811865475, 0.0, 0.0, 0.0, 0.7071067811865475]], "V_T2_WKA": [[0.7071067811865475, 0.7071067811865475, 0.0, 0.0, 0.0, 0.0], [0.0, 0.0, 0.7071067811865475, 0.7071067811865475, 0.0, 0.0], [0.0, 0.0, 0.0, 0.0, 1.0, 0.0]], "V_T3_WKA": [[0.3535533905932738, 0.35355339059327373, 0.5000000000000003, 0.5000000000000002, 0.35355339059327356, 0.35355339059327356], [-0.44403691698855796, -0.44403691698855763, -0.32505758367186827, 0.32505758367186793, 0.4440369169885577, 0.4440369169885577], [0.2298504216904919, 0.22985042169049147, -0.6279630301995545, 0.6279630301995544, -0.22985042169049122, -0.22985042169049125]],