{"W": [[0.2, 0.0, 0.0, 0.0, 0.0, 0.0], [0.0, -0.4, 0.0, 0.0, 0.0, 0.0], [0.0, 0.0, 0.2, 0.0, 0.0, 0.0], [0.0, 0.0, 0.0, -0.4, 0.0, 0.0], [0.0, 0.0, 0.0, 0.0, 0.2, 0.0], [0.0, 0.0, 0.0, 0.0, 0.0, 0.2]], "K": [[2, 0, 0, 0, 0, 0], [0, 2, 0, 0, 0, 0], [0, 0, 3, 0, 0, 0], [0, 0, 0, 3, 0, 0], [0, 0, 0, 0, 2, 0], [0, 0, 0, 0, 0, 2]], "A": [[0, 1, 1, 0, 0, 0], [1, 0, 1, 0, 0, 0], [1, 1, 0, 1, 0, 0], [0, 0, 1, 0, 1, 1], [0, 0, 0, 1, 0, 1], [0, 0, 0, 1, 1, 0]], "V_W": [[0.5, 0.0, 0.5, 0.0, 0.5, 0.5], [0.0, 0.7071067811865475, 0.0, 0.7071067811865475, 0.0, 0.0]], "M_W": [[0.25, 0.0, 0.25, 0.0, 0.25, 0.25], [0.0, 0.5, 0.0, 0.5, 0.0, 0.0]], "V_K": [[0.5773502691896258, 0.5773502691896258, 0.0, 0.0, 0.5773502691896258, 0.0], [0.0, 0.0, 0.7071067811865475, 0.7071067811865475, 0.0, 0.0]], "M_K": [[0.3333333333333333, 0.3333333333333333, 0.0, 0.0, 0.3333333333333333, 0.0], [0.0, 0.0, 0.5, 0.5, 0.0, 0.0]], "V_A": [[0.35355339059327356, 0.35355339059327345, 0.5, 0.5000000000000003, 0.3535533905932738, 0.3535533905932738], [-0.44403691698855763, -0.4440369169885577, -0.32505758367186827, 0.32505758367186793, 0.44403691698855763, 0.44403691698855763]], "M_A": [[1.8842205035000726e-38, 4.470190967259194e-38, 0.11524180156613335, 0.3208218252371908, 0.2819681865983379, 0.2819681865983379], [0.37096223867939443, 0.3709622386971654, 0.25807552262344025, 2.4213454426435014e-141, 9.9392089660672e-215, 1.998217052036547e-214]], "V_T1_WK": [[0.5, 0.0, 0.5, 0.0, 0.5, 0.5], [0.0, 0.7071067811865475, 0.0, 0.7071067811865475, 0.0, 0.0]], "V_T2_WK": [[0.5773502691896258, 0.5773502691896258, 0.0, 0.0, 0.5773502691896258, 0.0], [0.0, 0.0, 0.7071067811865475, 0.7071067811865475, 0.0, 0.0]], "M_WK": [[0.24998379940065057, 3.240119869887412e-05, 0.24998379940065057, 3.240119869887412e-05, 0.24998379940065057, 0.24998379940065057], [0.0014560399381447831, 0.4970879201237105, 0.0014560399381447831, 0.4970879201237105, 0.0014560399381447831, 0.0014560399381447831]], "V_T1_WA": [[0.5, 0.0, 0.5, 0.0, 0.5, 0.5], [0.0, 0.7071067811865475, 0.0, 0.7071067811865475, 0.0, 0.0]], "V_T2_WA": [[0.35355339059327356, 0.35355339059327345, 0.5, 0.5000000000000003, 0.3535533905932738, 0.3535533905932738], [-0.44403691698855763, -0.4440369169885577, -0.32505758367186827, 0.32505758367186793, 0.44403691698855763, 0.44403691698855763]], "M_WA": [[6.156741510325018e-09, 0.49999997442247157, 1.5965492278910472e-08, 0.49999997872337515, 1.536089627675491e-08, 9.37102324156527e-09], [0.24934970435752582, 0.0013005950241894903, 0.2493497017374813, 0.001300593482877216, 0.24934970189897665, 0.24934970349894944]], "V_T1_KW": [[0.5773502691896258, 0.5773502691896258, 0.0, 0.0, 0.5773502691896258, 0.0], [0.0, 0.0, 0.7071067811865475, 0.7071067811865475, 0.0, 0.0]], "V_T2_KW": [[0.5, 0.0, 0.5, 0.0, 0.5, 0.5], [0.0, 0.7071067811865475, 0.0, 0.7071067811865475, 0.0, 0.0]], "M_KW": [[0.3327620547957434, 0.3327620547957434, 0.0008569178063848832, 0.0008569178063848832, 0.3327620547957434, 0.0], [0.0008302813368601804, 0.0008302813368601809, 0.49875457799470974, 0.49875457799470974, 0.0008302813368601809, 0.0]], "V_T1_KA": [[0.5773502691896258, 0.5773502691896258, 0.0, 0.0, 0.5773502691896258, 0.0], [0.0, 0.0, 0.7071067811865475, 0.7071067811865475, 0.0, 0.0]], "V_T2_KA": [[0.35355339059327356, 0.35355339059327345, 0.5, 0.5000000000000003, 0.3535533905932738, 0.3535533905932738], [-0.44403691698855763, -0.4440369169885577, -0.32505758367186827, 0.32505758367186793, 0.44403691698855763, 0.44403691698855763]], "M_KA": [[0.308550705567423, 0.308550705567423, 0.03717394164886557, 0.03717394164886557, 0.308550705567423, 0.0], [0.005000307761215498, 0.005000307761215498, 0.4924995383581767, 0.4924995383581767, 0.005000307761215498, 0.0]], "V_T1_AW": [[0.35355339059327356, 0.35355339059327345, 0.5, 0.5000000000000003, 0.3535533905932738, 0.3535533905932738], [-0.44403691698855763, -0.4440369169885577, -0.32505758367186827, 0.32505758367186793, 0.44403691698855763, 0.44403691698855763]], "V_T2_AW": [[0.5, 0.0, 0.5, 0.0, 0.5, 0.5], [0.0, 0.7071067811865475, 0.0, 0.7071067811865475, 0.0, 0.0]], "M_AW": [[4.60610670875671e-10, 3.6177166144485466e-10, 0.05144456472251985, 0.360674076410897, 0.2939406790663257, 0.2939406789778752], [0.2929738225777672, 0.2929738226740535, 0.3606083650775044, 0.053443989296998326, 1.4272148656543695e-10, 2.3095501350405314e-10]], "V_T1_AK": [[0.35355339059327356, 0.35355339059327345, 0.5, 0.5000000000000003, 0.3535533905932738, 0.3535533905932738], [-0.44403691698855763, -0.4440369169885577, -0.32505758367186827, 0.32505758367186793, 0.44403691698855763, 0.44403691698855763]], "V_T2_AK": [[0.5773502691896258, 0.5773502691896258, 0.0, 0.0, 0.5773502691896258, 0.0], [0.0, 0.0, 0.7071067811865475, 0.7071067811865475, 0.0, 0.0]], "M_AK": [[0.2763389680918427, 0.27633896809184266, 0.3507334879504731, 0.09658857586584148, 1.7093572243192608e-53, 4.8649366548705705e-52], [1.4561440123659246e-34, 1.432786078568015e-34, 1.1795883017467209e-05, 0.3411918388916248, 0.3293981826126789, 0.3293981826126789]], "V_T1_WKA": [[0.5, 0.0, 0.5, 0.0, 0.5, 0.5], [0.0, 0.7071067811865475, 0.0, 0.7071067811865475, 0.0, 0.0]], "V_T2_WKA": [[0.5773502691896258, 0.5773502691896258, 0.0, 0.0, 0.5773502691896258, 0.0], [0.0, 0.0, 0.7071067811865475, 0.7071067811865475, 0.0, 0.0]], "V_T3_WKA": [[0.35355339059327356, 0.35355339059327345, 0.5, 0.5000000000000003, 0.3535533905932738, 0.3535533905932738], [-0.44403691698855763, -0.4440369169885577, -0.32505758367186827, 0.32505758367186793, 0.44403691698855763, 0.44403691698855763]], "M_WKA": [[0.21622207893692097, 0.067555842126158, 0.21622207893692102, 0.067555842126158, 0.21622207893692102, 0.21622207893692102], [0.0003137468809484886, 0.49937250623810303, 0.0003137468809484946, 0.49937250623810303, 0.0003137468809484946, 0.0003137468809484946]], "V_T1_WAK": [[0.5, 0.0, 0.5, 0.0, 0.5, 0.5], [0.0, 0.7071067811865475, 0.0, 0.7071067811865475, 0.0, 0.0]], "V_T2_WAK": [[0.35355339059327356, 0.35355339059327345, 0.5, 0.5000000000000003, 0.3535533905932738, 0.3535533905932738], [-0.44403691698855763, -0.4440369169885577, -0.32505758367186827, 0.32505758367186793, 0.44403691698855763, 0.44403691698855763]], "V_T3_WAK": [[0.5773502691896258, 0.5773502691896258, 0.0, 0.0, 0.5773502691896258, 0.0], [0.0, 0.0, 0.7071067811865475, 0.7071067811865475, 0.0, 0.0]], "M_WAK": [[0.17382138520424126, 0.1523572295915436, 0.17382138520422385, 0.1523572295915436, 0.17382138520422385, 0.17382138520422385], [0.15500493307104038, 0.1899901338579059, 0.15500493307104934, 0.1899901338579059, 0.15500493307104934, 0.15500493307104934]], "V_T1_KWA": [[0.5773502691896258, 0.5773502691896258, 0.0, 0.0, 0.5773502691896258, 0.0], [0.0, 0.0, 0.7071067811865475, 0.7071067811865475, 0.0, 0.0]], "V_T2_KWA": [[0.5, 0.0, 0.5, 0.0, 0.5, 0.5], [0.0, 0.7071067811865475, 0.0, 0.7071067811865475, 0.0, 0.0]], "V_T3_KWA": [[0.35355339059327356, 0.35355339059327345, 0.5, 0.5000000000000003, 0.3535533905932738, 0.3535533905932738], [-0.44403691698855763, -0.4440369169885577, -0.32505758367186827, 0.32505758367186793, 0.44403691698855763, 0.44403691698855763]], "M_KWA": [[8.8173183860947e-05, 8.8173183860947e-05, 0.4998677402242086, 0.4998677402242086, 8.8173183860947e-05, 0.0], [0.32651975808499006, 0.32651975808499006, 0.01022036287251497, 0.01022036287251497, 0.32651975808499006, 0.0]], "V_T1_KAW": [[0.5773502691896258, 0.5773502691896258, 0.0, 0.0, 0.5773502691896258, 0.0], [0.0, 0.0, 0.7071067811865475, 0.7071067811865475, 0.0, 0.0]], "V_T2_KAW": [[0.35355339059327356, 0.35355339059327345, 0.5, 0.5000000000000003, 0.3535533905932738, 0.3535533905932738], [-0.44403691698855763, -0.4440369169885577, -0.32505758367186827, 0.32505758367186793, 0.44403691698855763, 0.44403691698855763]], "V_T3_KAW": [[0.5, 0.0, 0.5, 0.0, 0.5, 0.5], [0.0, 0.7071067811865475, 0.0, 0.7071067811865475, 0.0, 0.0]],