{"W": [[0.2, 0.0, 0.0, 0.0, 0.0, 0.0], [0.0, 0.2, 0.0, 0.0, 0.0, 0.0], [0.0, 0.0, 0.2, 0.0, 0.0, 0.0], [0.0, 0.0, 0.0, -0.2, 0.0, 0.0], [0.0, 0.0, 0.0, 0.0, -0.2, 0.0], [0.0, 0.0, 0.0, 0.0, 0.0, -0.2]], "K": [[2, 0, 0, 0, 0, 0], [0, 2, 0, 0, 0, 0], [0, 0, 3, 0, 0, 0], [0, 0, 0, 3, 0, 0], [0, 0, 0, 0, 2, 0], [0, 0, 0, 0, 0, 2]], "A": [[0, 1, 1, 0, 0, 0], [1, 0, 1, 0, 0, 0], [1, 1, 0, 1, 0, 0], [0, 0, 1, 0, 1, 1], [0, 0, 0, 1, 0, 1], [0, 0, 0, 1, 1, 0]], "V_W": [[0.5773502691896258, 0.5773502691896258, 0.5773502691896258, 0.0, 0.0, 0.0], [0.0, 0.0, 0.0, 0.7071067811865475, 0.7071067811865475, 0.0], [0.0, 0.0, 0.0, 0.0, 0.0, 1.0]], "M_W": [[0.3333333333333333, 0.3333333333333333, 0.3333333333333333, 0.0, 0.0, 0.0], [0.0, 0.0, 0.0, 0.5, 0.5, 0.0], [0.0, 0.0, 0.0, 0.0, 0.0, 1.0]], "V_K": [[0.7071067811865475, 0.7071067811865475, 0.0, 0.0, 0.0, 0.0], [0.0, 0.0, 0.7071067811865475, 0.7071067811865475, 0.0, 0.0], [0.0, 0.0, 0.0, 0.0, 0.7071067811865475, 0.7071067811865475]], "M_K": [[0.5, 0.5, 0.0, 0.0, 0.0, 0.0], [0.0, 0.0, 0.5, 0.5, 0.0, 0.0], [0.0, 0.0, 0.0, 0.0, 0.5, 0.5]], "V_A": [[0.35355339059327356, 0.35355339059327345, 0.5, 0.5000000000000003, 0.3535533905932738, 0.3535533905932738], [-0.44403691698855763, -0.4440369169885577, -0.32505758367186827, 0.32505758367186793, 0.44403691698855763, 0.44403691698855763], [-0.35355339059327345, -0.35355339059327395, 0.5, 0.5, -0.3535533905932739, -0.3535533905932739]], "M_A": [[0.43540496062465, 0.4354049606246497, 5.623584926947081e-10, 0.12651593238105974, 0.0007108599583419071, 0.001963285848940037], [2.4017477739170565e-39, 2.066035559402799e-39, 6.31768494676793e-122, 0.09382051456832681, 0.45363661964769697, 0.45254286578397623], [5.459058914954678e-31, 1.8758092136182838e-31, 0.6909739903289785, 0.30902600967102145, 8.945299338830344e-107, 5.636228768695928e-107]], "V_T1_WK": [[0.5773502691896258, 0.5773502691896258, 0.5773502691896258, 0.0, 0.0, 0.0], [0.0, 0.0, 0.0, 0.7071067811865475, 0.7071067811865475, 0.0], [0.0, 0.0, 0.0, 0.0, 0.0, 1.0]], "V_T2_WK": [[0.7071067811865475, 0.7071067811865475, 0.0, 0.0, 0.0, 0.0], [0.0, 0.0, 0.7071067811865475, 0.7071067811865475, 0.0, 0.0], [0.0, 0.0, 0.0, 0.0, 0.7071067811865475, 0.7071067811865475]], "M_WK": [[0.33333330385244303, 0.33333330744490697, 0.3333332951109758, 2.5805652414128766e-08, 6.7786021798944e-08, 0.0], [0.0, 0.0, 0.0, 0.0005049736224840521, 0.0005049194056153254, 0.9989901069719007], [8.452106030895837e-05, 8.450312076704215e-05, 8.45647122054375e-05, 0.4998722428084767, 0.4998722489765214, 1.9193217205068874e-06]], "V_T1_WA": [[0.5773502691896258, 0.5773502691896258, 0.5773502691896258, 0.0, 0.0, 0.0], [0.0, 0.0, 0.0, 0.7071067811865475, 0.7071067811865475, 0.0], [0.0, 0.0, 0.0, 0.0, 0.0, 1.0]], "V_T2_WA": [[0.35355339059327356, 0.35355339059327345, 0.5, 0.5000000000000003, 0.3535533905932738, 0.3535533905932738], [-0.44403691698855763, -0.4440369169885577, -0.32505758367186827, 0.32505758367186793, 0.44403691698855763, 0.44403691698855763], [-0.35355339059327345, -0.35355339059327395, 0.5, 0.5, -0.3535533905932739, -0.3535533905932739]], "M_WA": [[0.3333333333333021, 0.3333333333330469, 0.33333333333323234, 4.157469042471521e-13, 3.00382304332827e-15, 1.5023071173586744e-24], [9.06516554184763e-22, 7.286056561173228e-24, 4.2080669063305405e-22, 7.091690165853529e-06, 4.1602343797021224e-06, 0.9999887480754543], [0.008964842191561169, 0.008964842191910053, 0.008964842191656535, 0.4692988323260591, 0.46930061548356405, 0.034506025615248924]], "V_T1_KW": [[0.7071067811865475, 0.7071067811865475, 0.0, 0.0, 0.0, 0.0], [0.0, 0.0, 0.7071067811865475, 0.7071067811865475, 0.0, 0.0], [0.0, 0.0, 0.0, 0.0, 0.7071067811865475, 0.7071067811865475]], "V_T2_KW": [[0.5773502691896258, 0.5773502691896258, 0.5773502691896258, 0.0, 0.0, 0.0], [0.0, 0.0, 0.0, 0.7071067811865475, 0.7071067811865475, 0.0], [0.0, 0.0, 0.0, 0.0, 0.0, 1.0]], "M_KW": [[0.4997079560390421, 0.49971278371099515, 0.000320388279530043, 0.00025887197043274386, 0.0, 0.0], [0.0, 0.0, 8.981363097944823e-05, 4.727912857241605e-05, 0.49993475474015425, 0.4999281525002939], [4.0852773176045284e-05, 3.119419669780649e-05, 0.4998600737438536, 0.49993492903537473, 5.657449582285812e-05, 7.63757550749929e-05]], "V_T1_KA": [[0.7071067811865475, 0.7071067811865475, 0.0, 0.0, 0.0, 0.0], [0.0, 0.0, 0.7071067811865475, 0.7071067811865475, 0.0, 0.0], [0.0, 0.0, 0.0, 0.0, 0.7071067811865475, 0.7071067811865475]], "V_T2_KA": [[0.35355339059327356, 0.35355339059327345, 0.5, 0.5000000000000003, 0.3535533905932738, 0.3535533905932738], [-0.44403691698855763, -0.4440369169885577, -0.32505758367186827, 0.32505758367186793, 0.44403691698855763, 0.44403691698855763], [-0.35355339059327345, -0.35355339059327395, 0.5, 0.5, -0.3535533905932739, -0.3535533905932739]], "M_KA": [[9.35437786531413e-08, 9.354377949449108e-08, 0.49999990642635433, 0.49999990642635816, 2.986471679700237e-11, 2.98647169973349e-11], [2.131767512553757e-05, 2.1317675120135444e-05, 3.947374135789864e-08, 3.947374135881272e-08, 0.4999786428505995, 0.4999786428516722], [0.49763723290562584, 0.4976372329129237, 0.0010414199587562498, 0.0010414199587652718, 0.0013213471311189899, 0.0013213471328101065]], "V_T1_AW": [[0.35355339059327356, 0.35355339059327345, 0.5, 0.5000000000000003, 0.3535533905932738, 0.3535533905932738], [-0.44403691698855763, -0.4440369169885577, -0.32505758367186827, 0.32505758367186793, 0.44403691698855763, 0.44403691698855763], [-0.35355339059327345, -0.35355339059327395, 0.5, 0.5, -0.3535533905932739, -0.3535533905932739]], "V_T2_AW": [[0.5773502691896258, 0.5773502691896258, 0.5773502691896258, 0.0, 0.0, 0.0], [0.0, 0.0, 0.0, 0.7071067811865475, 0.7071067811865475, 0.0], [0.0, 0.0, 0.0, 0.0, 0.0, 1.0]], "M_AW": [[0.000399510074360608, 0.0003994490955301388, 7.018202731595271e-22, 0.03465824364937881, 0.4822711927579249, 0.48227160442280553], [8.07680456853553e-18, 3.930311073998568e-17, 0.5238174834357139, 0.4761825165642859, 8.13284521484303e-21, 5.814810025247961e-21], [0.47794398704093066, 0.4779440364586672, 0.044008421106010887, 1.0500604266564669e-25, 5.1956831674592125e-05, 5.159856271676519e-05]], "V_T1_AK": [[0.35355339059327356, 0.35355339059327345, 0.5, 0.5000000000000003, 0.3535533905932738, 0.3535533905932738], [-0.44403691698855763, -0.4440369169885577, -0.32505758367186827, 0.32505758367186793, 0.44403691698855763, 0.44403691698855763], [-0.35355339059327345, -0.35355339059327395, 0.5, 0.5, -0.3535533905932739, -0.3535533905932739]], "V_T2_AK": [[0.7071067811865475, 0.7071067811865475, 0.0, 0.0, 0.0, 0.0], [0.0, 0.0, 0.7071067811865475, 0.7071067811865475, 0.0, 0.0], [0.0, 0.0, 0.0, 0.0, 0.7071067811865475, 0.7071067811865475]], "M_AK": [[1.667188334515669e-33, 2.4034277447246676e-33, 0.8279844770322558, 0.17201552296774422, 7.94182938195088e-110, 1.1004564703305789e-109], [4.63969338978045e-10, 5.191510151798244e-09, 1.2432401163771855e-22, 0.20677185410866394, 0.396610694950837, 0.3966174452850195], [0.4983737389547307, 0.49837373177067834, 4.3450839739720304e-05, 1.5306957353879803e-08, 0.0016109587996552992, 0.0015981043282386833]], "V_T1_WKA": [[0.5773502691896258, 0.5773502691896258, 0.5773502691896258, 0.0, 0.0, 0.0], [0.0, 0.0, 0.0, 0.7071067811865475, 0.7071067811865475, 0.0], [0.0, 0.0, 0.0, 0.0, 0.0, 1.0]], "V_T2_WKA": [[0.7071067811865475, 0.7071067811865475, 0.0, 0.0, 0.0, 0.0], [0.0, 0.0, 0.7071067811865475, 0.7071067811865475, 0.0, 0.0], [0.0, 0.0, 0.0, 0.0, 0.7071067811865475, 0.7071067811865475]], "V_T3_WKA": [[0.35355339059327356, 0.35355339059327345, 0.5, 0.5000000000000003, 0.3535533905932738, 0.3535533905932738], [-0.44403691698855763, -0.4440369169885577, -0.32505758367186827, 0.32505758367186793, 0.44403691698855763, 0.44403691698855763], [-0.35355339059327345, -0.35355339059327395, 0.5, 0.5, -0.3535533905932739, -0.3535533905932739]],