{"W": [[0.2, 0.0, 0.0, 0.0, 0.0, 0.0], [0.0, -0.2, 0.0, 0.0, 0.0, 0.0], [0.0, 0.0, 0.2, 0.0, 0.0, 0.0], [0.0, 0.0, 0.0, -0.2, 0.0, 0.0], [0.0, 0.0, 0.0, 0.0, 0.2, 0.0], [0.0, 0.0, 0.0, 0.0, 0.0, -0.2]], "K": [[2, 0, 0, 0, 0, 0], [0, 2, 0, 0, 0, 0], [0, 0, 3, 0, 0, 0], [0, 0, 0, 3, 0, 0], [0, 0, 0, 0, 2, 0], [0, 0, 0, 0, 0, 2]], "A": [[0, 1, 1, 0, 0, 0], [1, 0, 1, 0, 0, 0], [1, 1, 0, 1, 0, 0], [0, 0, 1, 0, 1, 1], [0, 0, 0, 1, 0, 1], [0, 0, 0, 1, 1, 0]], "V_W": [[0.5773502691896258, 0.0, 0.5773502691896258, 0.0, 0.5773502691896258, 0.0], [0.0, 0.0, 0.0, 1.0, 0.0, 0.0], [0.0, 0.7071067811865475, 0.0, 0.0, 0.0, 0.7071067811865475]], "M_W": [[0.3333333333333333, 0.0, 0.3333333333333333, 0.0, 0.3333333333333333, 0.0], [0.0, 0.0, 0.0, 1.0, 0.0, 0.0], [0.0, 0.5, 0.0, 0.0, 0.0, 0.5]], "V_K": [[0.7071067811865475, 0.7071067811865475, 0.0, 0.0, 0.0, 0.0], [0.0, 0.0, 0.7071067811865475, 0.7071067811865475, 0.0, 0.0], [0.0, 0.0, 0.0, 0.0, 0.7071067811865475, 0.7071067811865475]], "M_K": [[0.5, 0.5, 0.0, 0.0, 0.0, 0.0], [0.0, 0.0, 0.5, 0.5, 0.0, 0.0], [0.0, 0.0, 0.0, 0.0, 0.5, 0.5]], "V_A": [[0.3535533905932738, 0.35355339059327373, 0.5000000000000003, 0.5000000000000002, 0.35355339059327356, 0.35355339059327356], [-0.44403691698855796, -0.44403691698855763, -0.32505758367186827, 0.32505758367186793, 0.4440369169885577, 0.4440369169885577], [0.2298504216904919, 0.22985042169049147, -0.6279630301995545, 0.6279630301995544, -0.22985042169049122, -0.22985042169049125]], "M_A": [[6.633638073736699e-256, 6.433869975462671e-256, 4.1487194498524067e-213, 0.012429169134720492, 0.4937854157057071, 0.49378541515957247], [0.12093631103860449, 0.12093631103860403, 1.0985450808504373e-186, 0.7581273779227916, 1.6252432735503058e-32, 6.860532986993111e-34], [0.2536574534896002, 0.25365745348960045, 0.49083291627670206, 1.3403189338957373e-127, 0.0009260878999706108, 0.0009260888441265501]], "V_T1_WK": [[0.5773502691896258, 0.0, 0.5773502691896258, 0.0, 0.5773502691896258, 0.0], [0.0, 0.0, 0.0, 1.0, 0.0, 0.0], [0.0, 0.7071067811865475, 0.0, 0.0, 0.0, 0.7071067811865475]], "V_T2_WK": [[0.7071067811865475, 0.7071067811865475, 0.0, 0.0, 0.0, 0.0], [0.0, 0.0, 0.7071067811865475, 0.7071067811865475, 0.0, 0.0], [0.0, 0.0, 0.0, 0.0, 0.7071067811865475, 0.7071067811865475]], "M_WK": [[0.3343524897429425, 4.540037904389345e-05, 0.33199580258091194, 1.0089905404533196e-09, 0.33334398720677316, 0.00026231908133802795], [0.0010553282188710475, 0.4968451605219789, 0.0033996629540570867, 0.0, 0.002069700526440977, 0.49663014777865194], [5.1033173031012286e-05, 0.0, 0.002342637084325101, 0.9965970971334331, 0.0010092326092105413, 0.0]], "V_T1_WA": [[0.5773502691896258, 0.0, 0.5773502691896258, 0.0, 0.5773502691896258, 0.0], [0.0, 0.0, 0.0, 1.0, 0.0, 0.0], [0.0, 0.7071067811865475, 0.0, 0.0, 0.0, 0.7071067811865475]], "V_T2_WA": [[0.3535533905932738, 0.35355339059327373, 0.5000000000000003, 0.5000000000000002, 0.35355339059327356, 0.35355339059327356], [-0.44403691698855796, -0.44403691698855763, -0.32505758367186827, 0.32505758367186793, 0.4440369169885577, 0.4440369169885577], [0.2298504216904919, 0.22985042169049147, -0.6279630301995545, 0.6279630301995544, -0.22985042169049122, -0.22985042169049125]], "M_WA": [[0.039989154457568066, 0.05133845254282931, 0.012525313848878684, 0.001063012935305524, 0.8507719714713418, 0.04431209474407678], [0.2522854753907424, 0.22253625616894754, 0.2594647893322144, 0.0009989792439264707, 0.04034161880276997, 0.22437288106139916], [7.548257841109006e-07, 1.1868069352892987e-07, 3.023319895865335e-07, 0.9999968804055392, 1.2906618311219119e-06, 6.530941624192139e-07]], "V_T1_KW": [[0.7071067811865475, 0.7071067811865475, 0.0, 0.0, 0.0, 0.0], [0.0, 0.0, 0.7071067811865475, 0.7071067811865475, 0.0, 0.0], [0.0, 0.0, 0.0, 0.0, 0.7071067811865475, 0.7071067811865475]], "V_T2_KW": [[0.5773502691896258, 0.0, 0.5773502691896258, 0.0, 0.5773502691896258, 0.0], [0.0, 0.0, 0.0, 1.0, 0.0, 0.0], [0.0, 0.7071067811865475, 0.0, 0.0, 0.0, 0.7071067811865475]], "M_KW": [[0.00010478500774139502, 0.00011069361189984055, 0.008097267819691811, 0.9915118735234154, 8.695589067522248e-05, 8.84241465762359e-05], [0.24993521508501007, 0.2499351148348334, 9.87798444516159e-05, 0.00015871662025199494, 0.24993552792170382, 0.249936645693749], [0.00012378084050692508, 0.00011879037972424832, 0.9989549427385486, 0.000537726162515703, 0.00013873569759637646, 0.00012602418110844868]], "V_T1_KA": [[0.7071067811865475, 0.7071067811865475, 0.0, 0.0, 0.0, 0.0], [0.0, 0.0, 0.7071067811865475, 0.7071067811865475, 0.0, 0.0], [0.0, 0.0, 0.0, 0.0, 0.7071067811865475, 0.7071067811865475]], "V_T2_KA": [[0.3535533905932738, 0.35355339059327373, 0.5000000000000003, 0.5000000000000002, 0.35355339059327356, 0.35355339059327356], [-0.44403691698855796, -0.44403691698855763, -0.32505758367186827, 0.32505758367186793, 0.4440369169885577, 0.4440369169885577], [0.2298504216904919, 0.22985042169049147, -0.6279630301995545, 0.6279630301995544, -0.22985042169049122, -0.22985042169049125]], "M_KA": [[0.49999143009651226, 0.49999142954636483, 9.35549741491024e-06, 7.784859708055302e-06, 0.0, 0.0], [0.0, 0.0, 9.296970146903673e-12, 9.521781709273012e-31, 0.49999999999535283, 0.49999999999535016], [2.1422563029814914e-08, 2.856077481238541e-08, 0.49999971888247663, 0.5000002311341856, 0.0, 0.0]], "V_T1_AW": [[0.3535533905932738, 0.35355339059327373, 0.5000000000000003, 0.5000000000000002, 0.35355339059327356, 0.35355339059327356], [-0.44403691698855796, -0.44403691698855763, -0.32505758367186827, 0.32505758367186793, 0.4440369169885577, 0.4440369169885577], [0.2298504216904919, 0.22985042169049147, -0.6279630301995545, 0.6279630301995544, -0.22985042169049122, -0.22985042169049125]], "V_T2_AW": [[0.5773502691896258, 0.0, 0.5773502691896258, 0.0, 0.5773502691896258, 0.0], [0.0, 0.0, 0.0, 1.0, 0.0, 0.0], [0.0, 0.7071067811865475, 0.0, 0.0, 0.0, 0.7071067811865475]], "M_AW": [[0.00021871956894005526, 0.0026608641935421747, 0.9920815152974781, 0.0, 0.0023175616620174596, 0.0027213392780220612], [0.2506134418864564, 0.24911339252311568, 0.0018623778755650193, 6.622819625414246e-09, 0.24933619869633117, 0.2490745823957122], [0.0003887110317502995, 0.0012459085168558866, 0.0, 0.9960037871184955, 0.0010855653851034807, 0.001276027947794775]], "V_T1_AK": [[0.3535533905932738, 0.35355339059327373, 0.5000000000000003, 0.5000000000000002, 0.35355339059327356, 0.35355339059327356], [-0.44403691698855796, -0.44403691698855763, -0.32505758367186827, 0.32505758367186793, 0.4440369169885577, 0.4440369169885577], [0.2298504216904919, 0.22985042169049147, -0.6279630301995545, 0.6279630301995544, -0.22985042169049122, -0.22985042169049125]], "V_T2_AK": [[0.7071067811865475, 0.7071067811865475, 0.0, 0.0, 0.0, 0.0], [0.0, 0.0, 0.7071067811865475, 0.7071067811865475, 0.0, 0.0], [0.0, 0.0, 0.0, 0.0, 0.7071067811865475, 0.7071067811865475]], "M_AK": [[0.0, 0.0, 0.004719598596467706, 9.58129661767931e-05, 0.5060678704991065, 0.48911671793824896], [0.4996450049946786, 0.4997093381227221, 0.0003066915124573659, 0.00033896537014186805, 0.0, 0.0], [0.001515453584565106, 0.0013956966531445975, 0.502696402614198, 0.4942593048491413, 0.00012893953006386564, 4.202768886923988e-06]], "V_T1_WKA": [[0.5773502691896258, 0.0, 0.5773502691896258, 0.0, 0.5773502691896258, 0.0], [0.0, 0.0, 0.0, 1.0, 0.0, 0.0], [0.0, 0.7071067811865475, 0.0, 0.0, 0.0, 0.7071067811865475]], "V_T2_WKA": [[0.7071067811865475, 0.7071067811865475, 0.0, 0.0, 0.0, 0.0], [0.0, 0.0, 0.7071067811865475, 0.7071067811865475, 0.0, 0.0], [0.0, 0.0, 0.0, 0.0, 0.7071067811865475, 0.7071067811865475]], "V_T3_WKA": [[0.3535533905932738, 0.35355339059327373, 0.5000000000000003, 0.5000000000000002, 0.35355339059327356, 0.35355339059327356], [-0.44403691698855796, -0.44403691698855763, -0.32505758367186827, 0.32505758367186793, 0.4440369169885577, 0.4440369169885577], [0.2298504216904919, 0.22985042169049147, -0.6279630301995545, 0.6279630301995544, -0.22985042169049122, -0.22985042169049125]],