{"W": [[0.2, 0.0, 0.0, 0.0, 0.0, 0.0], [0.0, -0.2, 0.0, 0.0, 0.0, 0.0], [0.0, 0.0, 0.2, 0.0, 0.0, 0.0], [0.0, 0.0, 0.0, -0.2, 0.0, 0.0], [0.0, 0.0, 0.0, 0.0, 0.2, 0.0], [0.0, 0.0, 0.0, 0.0, 0.0, -0.2]], "K": [[2, 0, 0, 0, 0, 0], [0, 2, 0, 0, 0, 0], [0, 0, 3, 0, 0, 0], [0, 0, 0, 3, 0, 0], [0, 0, 0, 0, 2, 0], [0, 0, 0, 0, 0, 2]], "A": [[0, 1, 1, 0, 0, 0], [1, 0, 1, 0, 0, 0], [1, 1, 0, 1, 0, 0], [0, 0, 1, 0, 1, 1], [0, 0, 0, 1, 0, 1], [0, 0, 0, 1, 1, 0]], "V_W": [[0.5773502691896258, 0.0, 0.5773502691896258, 0.0, 0.5773502691896258, 0.0], [0.0, 0.5773502691896258, 0.0, 0.5773502691896258, 0.0, 0.5773502691896258]], "M_W": [[0.3333333333333333, 0.0, 0.3333333333333333, 0.0, 0.3333333333333333, 0.0], [0.0, 0.3333333333333333, 0.0, 0.3333333333333333, 0.0, 0.3333333333333333]], "V_K": [[0.5773502691896258, 0.5773502691896258, 0.0, 0.0, 0.5773502691896258, 0.0], [0.0, 0.0, 0.7071067811865475, 0.7071067811865475, 0.0, 0.0]], "M_K": [[0.3333333333333333, 0.3333333333333333, 0.0, 0.0, 0.3333333333333333, 0.0], [0.0, 0.0, 0.5, 0.5, 0.0, 0.0]], "V_A": [[0.3535533905932738, 0.35355339059327373, 0.5000000000000003, 0.5000000000000002, 0.35355339059327356, 0.35355339059327356], [-0.44403691698855785, -0.4440369169885575, -0.3250575836718682, 0.3250575836718679, 0.4440369169885576, 0.4440369169885576]], "M_A": [[0.2503159607114199, 0.2503159607114199, 0.35426817747645095, 0.1450999011007092, 2.3063694177783485e-228, 1.4695186765003182e-228], [4.622635943151065e-179, 4.638057513146708e-179, 1.0071914020451644e-178, 0.2528656925677486, 0.3735671590707505, 0.37356714836150096]], "V_T1_WK": [[0.5773502691896258, 0.0, 0.5773502691896258, 0.0, 0.5773502691896258, 0.0], [0.0, 0.5773502691896258, 0.0, 0.5773502691896258, 0.0, 0.5773502691896258]], "V_T2_WK": [[0.5773502691896258, 0.5773502691896258, 0.0, 0.0, 0.5773502691896258, 0.0], [0.0, 0.0, 0.7071067811865475, 0.7071067811865475, 0.0, 0.0]], "M_WK": [[0.3319778783761419, 0.0005150304605395976, 0.3321344947986809, 0.0004226994956341, 0.33436448538211155, 0.0005854114868919931], [0.004775280778235408, 0.3298589315188316, 0.004533262267263841, 0.32998673356737573, 0.0010842879450525206, 0.32976150392324094]], "V_T1_WA": [[0.5773502691896258, 0.0, 0.5773502691896258, 0.0, 0.5773502691896258, 0.0], [0.0, 0.5773502691896258, 0.0, 0.5773502691896258, 0.0, 0.5773502691896258]], "V_T2_WA": [[0.3535533905932738, 0.35355339059327373, 0.5000000000000003, 0.5000000000000002, 0.35355339059327356, 0.35355339059327356], [-0.44403691698855785, -0.4440369169885575, -0.3250575836718682, 0.3250575836718679, 0.4440369169885576, 0.4440369169885576]], "M_WA": [[0.005543707027433578, 0.32870402922469577, 0.0053883472352347275, 0.32812684122708746, 0.004136761946022544, 0.32810031333952583], [0.3323696859491226, 3.581171126469277e-05, 0.33252174436419263, 0.0006491473237349284, 0.3337462820019616, 0.0006773286497235114]], "V_T1_KW": [[0.5773502691896258, 0.5773502691896258, 0.0, 0.0, 0.5773502691896258, 0.0], [0.0, 0.0, 0.7071067811865475, 0.7071067811865475, 0.0, 0.0]], "V_T2_KW": [[0.5773502691896258, 0.0, 0.5773502691896258, 0.0, 0.5773502691896258, 0.0], [0.0, 0.5773502691896258, 0.0, 0.5773502691896258, 0.0, 0.5773502691896258]], "M_KW": [[0.00630938861279128, 0.004292287906868657, 0.4942587438370336, 0.49475869776468445, 0.0003808818786220346, 0.0], [0.3306395344879253, 0.33186503115079086, 0.0017963204478296392, 0.001460523945881299, 0.33423858996757283, 0.0]], "V_T1_KA": [[0.5773502691896258, 0.5773502691896258, 0.0, 0.0, 0.5773502691896258, 0.0], [0.0, 0.0, 0.7071067811865475, 0.7071067811865475, 0.0, 0.0]], "V_T2_KA": [[0.3535533905932738, 0.35355339059327373, 0.5000000000000003, 0.5000000000000002, 0.35355339059327356, 0.35355339059327356], [-0.44403691698855785, -0.4440369169885575, -0.3250575836718682, 0.3250575836718679, 0.4440369169885576, 0.4440369169885576]], "M_KA": [[0.01725593379501047, 0.005712593917888742, 0.00038277149887042084, 0.9707048871880639, 0.005943813600166401, 0.0], [0.21614354718474182, 0.21947756087674414, 0.31260984935416375, 0.032358263903225354, 0.2194107786811249, 0.0]], "V_T1_AW": [[0.3535533905932738, 0.35355339059327373, 0.5000000000000003, 0.5000000000000002, 0.35355339059327356, 0.35355339059327356], [-0.44403691698855785, -0.4440369169885575, -0.3250575836718682, 0.3250575836718679, 0.4440369169885576, 0.4440369169885576]], "V_T2_AW": [[0.5773502691896258, 0.0, 0.5773502691896258, 0.0, 0.5773502691896258, 0.0], [0.0, 0.5773502691896258, 0.0, 0.5773502691896258, 0.0, 0.5773502691896258]], "M_AW": [[8.065608157641962e-09, 8.06512800741095e-09, 0.07655386082260947, 0.37361519591531883, 0.2749154635656678, 0.2749154635656678], [0.3219363355146459, 0.32193633551515255, 0.3561273279663335, 1.0038679512851315e-09, 1.47868046025536e-35, 1.4715606630013523e-35]], "V_T1_AK": [[0.3535533905932738, 0.35355339059327373, 0.5000000000000003, 0.5000000000000002, 0.35355339059327356, 0.35355339059327356], [-0.44403691698855785, -0.4440369169885575, -0.3250575836718682, 0.3250575836718679, 0.4440369169885576, 0.4440369169885576]], "V_T2_AK": [[0.5773502691896258, 0.5773502691896258, 0.0, 0.0, 0.5773502691896258, 0.0], [0.0, 0.0, 0.7071067811865475, 0.7071067811865475, 0.0, 0.0]], "M_AK": [[0.3186683562826499, 0.318668376401278, 0.3626629878555267, 2.794605455220949e-07, 1.558588421747642e-28, 1.0747119315528114e-28], [2.6674790618579068e-06, 2.640035666682615e-06, 0.05722800786234986, 0.4113113214289619, 0.26572768159697985, 0.26572768159697985]], "V_T1_WKA": [[0.5773502691896258, 0.0, 0.5773502691896258, 0.0, 0.5773502691896258, 0.0], [0.0, 0.5773502691896258, 0.0, 0.5773502691896258, 0.0, 0.5773502691896258]], "V_T2_WKA": [[0.5773502691896258, 0.5773502691896258, 0.0, 0.0, 0.5773502691896258, 0.0], [0.0, 0.0, 0.7071067811865475, 0.7071067811865475, 0.0, 0.0]], "V_T3_WKA": [[0.3535533905932738, 0.35355339059327373, 0.5000000000000003, 0.5000000000000002, 0.35355339059327356, 0.35355339059327356], [-0.44403691698855785, -0.4440369169885575, -0.3250575836718682, 0.3250575836718679, 0.4440369169885576, 0.4440369169885576]], "M_WKA": [[0.2513660271402007, 0.15873180849079715, 0.2510968681202947, 0.1680201196375872, 0.013077212958679965, 0.15770796365244028], [0.009068035710406723, 0.038925268882033466, 0.010068511898350282, 0.004399863847954215, 0.8948070485397149, 0.04273127112154043]], "V_T1_WAK": [[0.5773502691896258, 0.0, 0.5773502691896258, 0.0, 0.5773502691896258, 0.0], [0.0, 0.5773502691896258, 0.0, 0.5773502691896258, 0.0, 0.5773502691896258]], "V_T2_WAK": [[0.3535533905932738, 0.35355339059327373, 0.5000000000000003, 0.5000000000000002, 0.35355339059327356, 0.35355339059327356], [-0.44403691698855785, -0.4440369169885575, -0.3250575836718682, 0.3250575836718679, 0.4440369169885576, 0.4440369169885576]], "V_T3_WAK": [[0.5773502691896258, 0.5773502691896258, 0.0, 0.0, 0.5773502691896258, 0.0], [0.0, 0.0, 0.7071067811865475, 0.7071067811865475, 0.0, 0.0]], "M_WAK": [[0.2051068017573107, 0.200129263107384, 0.1986084196179601, 0.18490224418153975, 0.20402142947540683, 0.0072318418603986865], [0.028137647833439045, 0.02380540024670585, 0.05356327747569339, 0.08340598303424962, 0.032384306742275826, 0.7787033846676362]], "V_T1_KWA": [[0.5773502691896258, 0.5773502691896258, 0.0, 0.0, 0.5773502691896258, 0.0], [0.0, 0.0, 0.7071067811865475, 0.7071067811865475, 0.0, 0.0]], "V_T2_KWA": [[0.5773502691896258, 0.0, 0.5773502691896258, 0.0, 0.5773502691896258, 0.0], [0.0, 0.5773502691896258, 0.0, 0.5773502691896258, 0.0, 0.5773502691896258]], "V_T3_KWA": [[0.3535533905932738, 0.35355339059327373, 0.5000000000000003, 0.5000000000000002, 0.35355339059327356, 0.35355339059327356], [-0.44403691698855785, -0.4440369169885575, -0.3250575836718682, 0.3250575836718679, 0.4440369169885576, 0.4440369169885576]],