{"W": [[0.2, 0.0, 0.0, 0.0, 0.0, 0.0], [0.0, -0.2, 0.0, 0.0, 0.0, 0.0], [0.0, 0.0, 0.2, 0.0, 0.0, 0.0], [0.0, 0.0, 0.0, -0.2, 0.0, 0.0], [0.0, 0.0, 0.0, 0.0, 0.2, 0.0], [0.0, 0.0, 0.0, 0.0, 0.0, -0.2]], "K": [[2, 0, 0, 0, 0, 0], [0, 2, 0, 0, 0, 0], [0, 0, 3, 0, 0, 0], [0, 0, 0, 3, 0, 0], [0, 0, 0, 0, 2, 0], [0, 0, 0, 0, 0, 2]], "A": [[0, 1, 1, 0, 0, 0], [1, 0, 1, 0, 0, 0], [1, 1, 0, 1, 0, 0], [0, 0, 1, 0, 1, 1], [0, 0, 0, 1, 0, 1], [0, 0, 0, 1, 1, 0]], "V_W": [[0.5773502691896258, 0.0, 0.5773502691896258, 0.0, 0.5773502691896258, 0.0], [0.0, 0.5773502691896258, 0.0, 0.5773502691896258, 0.0, 0.5773502691896258]], "M_W": [[0.3333333333333333, 0.0, 0.3333333333333333, 0.0, 0.3333333333333333, 0.0], [0.0, 0.3333333333333333, 0.0, 0.3333333333333333, 0.0, 0.3333333333333333]], "V_K": [[0.5, 0.5, 0.0, 0.0, 0.5, 0.5], [0.0, 0.0, 0.7071067811865475, 0.7071067811865475, 0.0, 0.0]], "M_K": [[0.25, 0.25, 0.0, 0.0, 0.25, 0.25], [0.0, 0.0, 0.5, 0.5, 0.0, 0.0]], "V_A": [[0.3535533905932738, 0.35355339059327373, 0.5000000000000003, 0.5000000000000002, 0.35355339059327356, 0.35355339059327356], [-0.44403691698855785, -0.4440369169885575, -0.3250575836718682, 0.3250575836718679, 0.4440369169885576, 0.4440369169885576]], "M_A": [[2.5e-323, 0.0, 2e-323, 0.22053943688207, 0.3897300003901207, 0.3897305627278092], [0.24573626685584363, 0.24573626685584363, 0.34757754566530824, 0.16094992062300456, 1.807310467913543e-232, 4.4418330538065524e-232]], "V_T1_WK": [[0.5773502691896258, 0.0, 0.5773502691896258, 0.0, 0.5773502691896258, 0.0], [0.0, 0.5773502691896258, 0.0, 0.5773502691896258, 0.0, 0.5773502691896258]], "V_T2_WK": [[0.5, 0.5, 0.0, 0.0, 0.5, 0.5], [0.0, 0.0, 0.7071067811865475, 0.7071067811865475, 0.0, 0.0]], "M_WK": [[0.008008806114331546, 0.20011353824875913, 0.1988592433694746, 0.2073712181697301, 0.175728403020862, 0.2099187910768427], [0.7721358386155267, 0.0390269167633876, 0.043813549327927914, 0.011330202357166122, 0.13208532296460845, 0.0016081699713832464]], "V_T1_WA": [[0.5773502691896258, 0.0, 0.5773502691896258, 0.0, 0.5773502691896258, 0.0], [0.0, 0.5773502691896258, 0.0, 0.5773502691896258, 0.0, 0.5773502691896258]], "V_T2_WA": [[0.3535533905932738, 0.35355339059327373, 0.5000000000000003, 0.5000000000000002, 0.35355339059327356, 0.35355339059327356], [-0.44403691698855785, -0.4440369169885575, -0.3250575836718682, 0.3250575836718679, 0.4440369169885576, 0.4440369169885576]], "M_WA": [[0.0018853517211218477, 0.33178537370390193, 0.001684137217698469, 0.3318388899994533, 0.0008535860043262735, 0.33195266135349827], [0.33301950903507127, 0.00012630577776686535, 0.3331381965845275, 8.646513002722876e-05, 0.3336278633749623, 1.6600976448353235e-06]], "V_T1_KW": [[0.5, 0.5, 0.0, 0.0, 0.5, 0.5], [0.0, 0.0, 0.7071067811865475, 0.7071067811865475, 0.0, 0.0]], "V_T2_KW": [[0.5773502691896258, 0.0, 0.5773502691896258, 0.0, 0.5773502691896258, 0.0], [0.0, 0.5773502691896258, 0.0, 0.5773502691896258, 0.0, 0.5773502691896258]], "M_KW": [[0.19354973404369352, 0.0023973260096785682, 0.20485185505621203, 0.19533004050892003, 0.1980343814816467, 0.20583666289984906], [0.056648679323751706, 0.8389330411754612, 0.010395155160584906, 0.04936283908049225, 0.03829542081546843, 0.006364864444241509]], "V_T1_KA": [[0.5, 0.5, 0.0, 0.0, 0.5, 0.5], [0.0, 0.0, 0.7071067811865475, 0.7071067811865475, 0.0, 0.0]], "V_T2_KA": [[0.3535533905932738, 0.35355339059327373, 0.5000000000000003, 0.5000000000000002, 0.35355339059327356, 0.35355339059327356], [-0.44403691698855785, -0.4440369169885575, -0.3250575836718682, 0.3250575836718679, 0.4440369169885576, 0.4440369169885576]], "M_KA": [[0.022604012185792003, 0.04574406095881011, 0.7988365755917043, 0.061827234043690144, 0.037044366286913086, 0.03394375093309041], [0.18822829415335124, 0.1804214295551205, 0.00747055860183716, 0.2561206624467649, 0.1833564884887488, 0.1844025667541774]], "V_T1_AW": [[0.3535533905932738, 0.35355339059327373, 0.5000000000000003, 0.5000000000000002, 0.35355339059327356, 0.35355339059327356], [-0.44403691698855785, -0.4440369169885575, -0.3250575836718682, 0.3250575836718679, 0.4440369169885576, 0.4440369169885576]], "V_T2_AW": [[0.5773502691896258, 0.0, 0.5773502691896258, 0.0, 0.5773502691896258, 0.0], [0.0, 0.5773502691896258, 0.0, 0.5773502691896258, 0.0, 0.5773502691896258]], "M_AW": [[2.2011048504316826e-34, 1.7694992246523004e-34, 1.4472962687461318e-09, 0.35612733163244675, 0.32193633346456435, 0.32193633345569256], [0.27491546669264266, 0.2749154666926426, 0.37361519980830227, 0.07655385443282924, 6.182588276832554e-09, 6.1909948738040245e-09]], "V_T1_AK": [[0.3535533905932738, 0.35355339059327373, 0.5000000000000003, 0.5000000000000002, 0.35355339059327356, 0.35355339059327356], [-0.44403691698855785, -0.4440369169885575, -0.3250575836718682, 0.3250575836718679, 0.4440369169885576, 0.4440369169885576]], "V_T2_AK": [[0.5, 0.5, 0.0, 0.0, 0.5, 0.5], [0.0, 0.0, 0.7071067811865475, 0.7071067811865475, 0.0, 0.0]], "M_AK": [[0.01962075555623818, 0.015919683191962686, 0.056771360402338183, 0.0313340790233223, 0.8498998887935381, 0.026454233032600555], [0.16298495627020382, 0.16346758356321123, 0.22671082294389427, 0.23002789568527696, 0.05471488449782181, 0.16209385703959192]], "V_T1_WKA": [[0.5773502691896258, 0.0, 0.5773502691896258, 0.0, 0.5773502691896258, 0.0], [0.0, 0.5773502691896258, 0.0, 0.5773502691896258, 0.0, 0.5773502691896258]], "V_T2_WKA": [[0.5, 0.5, 0.0, 0.0, 0.5, 0.5], [0.0, 0.0, 0.7071067811865475, 0.7071067811865475, 0.0, 0.0]], "V_T3_WKA": [[0.3535533905932738, 0.35355339059327373, 0.5000000000000003, 0.5000000000000002, 0.35355339059327356, 0.35355339059327356], [-0.44403691698855785, -0.4440369169885575, -0.3250575836718682, 0.3250575836718679, 0.4440369169885576, 0.4440369169885576]], "M_WKA": [[0.1938914401355919, 0.1984647128561206, 0.016116738467108437, 0.19758605335569035, 0.19723539725619657, 0.19670565792929212], [0.024818094433078884, 0.0009884074328649565, 0.9510232011173545, 0.005582731041857272, 0.007405927101597607, 0.010181638873246765]], "V_T1_WAK": [[0.5773502691896258, 0.0, 0.5773502691896258, 0.0, 0.5773502691896258, 0.0], [0.0, 0.5773502691896258, 0.0, 0.5773502691896258, 0.0, 0.5773502691896258]], "V_T2_WAK": [[0.3535533905932738, 0.35355339059327373, 0.5000000000000003, 0.5000000000000002, 0.35355339059327356, 0.35355339059327356], [-0.44403691698855785, -0.4440369169885575, -0.3250575836718682, 0.3250575836718679, 0.4440369169885576, 0.4440369169885576]], "V_T3_WAK": [[0.5, 0.5, 0.0, 0.0, 0.5, 0.5], [0.0, 0.0, 0.7071067811865475, 0.7071067811865475, 0.0, 0.0]], "M_WAK": [[0.0017462528417782465, 0.4147872292301362, 0.008342822294211249, 0.014848354439489439, 0.43016837240306643, 0.13010696879131844], [0.2648904135837227, 0.0188903497334025, 0.260961610875863, 0.2570870284140638, 0.009729606807320348, 0.18844099058562777]], "V_T1_KWA": [[0.5, 0.5, 0.0, 0.0, 0.5, 0.5], [0.0, 0.0, 0.7071067811865475, 0.7071067811865475, 0.0, 0.0]], "V_T2_KWA": [[0.5773502691896258, 0.0, 0.5773502691896258, 0.0, 0.5773502691896258, 0.0], [0.0, 0.5773502691896258, 0.0, 0.5773502691896258, 0.0, 0.5773502691896258]], "V_T3_KWA": [[0.3535533905932738, 0.35355339059327373, 0.5000000000000003, 0.5000000000000002, 0.35355339059327356, 0.35355339059327356], [-0.44403691698855785, -0.4440369169885575, -0.3250575836718682, 0.3250575836718679, 0.4440369169885576, 0.4440369169885576]], "M_KWA": [[0.015527537624059168, 0.04503727386933014, 0.009557488233190645, 0.8951288437750926, 0.001266142396415526, 0.033482714101911615], [0.1993339900335264, 0.19295467023169763, 0.20062376375414884, 0.00921905289098186, 0.20241677571048974, 0.19545174737915555]], "V_T1_KAW": [[0.5, 0.5, 0.0, 0.0, 0.5, 0.5], [0.0, 0.0, 0.7071067811865475, 0.7071067811865475, 0.0, 0.0]],