{"W": [[0.2, 0.0, 0.0, 0.0, 0.0, 0.0], [0.0, 0.2, 0.0, 0.0, 0.0, 0.0], [0.0, 0.0, 0.2, 0.0, 0.0, 0.0], [0.0, 0.0, 0.0, -0.2, 0.0, 0.0], [0.0, 0.0, 0.0, 0.0, -0.2, 0.0], [0.0, 0.0, 0.0, 0.0, 0.0, -0.2]], "K": [[2, 0, 0, 0, 0, 0], [0, 2, 0, 0, 0, 0], [0, 0, 3, 0, 0, 0], [0, 0, 0, 3, 0, 0], [0, 0, 0, 0, 2, 0], [0, 0, 0, 0, 0, 2]], "A": [[0, 1, 1, 0, 0, 0], [1, 0, 1, 0, 0, 0], [1, 1, 0, 1, 0, 0], [0, 0, 1, 0, 1, 1], [0, 0, 0, 1, 0, 1], [0, 0, 0, 1, 1, 0]], "C_W": [[0.5773502691896258, 0.0, 0.0], [0.0, 0.7071067811865475, 0.0], [0.0, 0.0, 1.0]], "V_W": [[0.5773502691896258, 0.5773502691896258, 0.5773502691896258, 0.0, 0.0, 0.0], [0.0, 0.0, 0.0, 0.7071067811865475, 0.7071067811865475, 0.0], [0.0, 0.0, 0.0, 0.0, 0.0, 1.0]], "M_W": [[0.33333333333333337, 0.33333333333333337, 0.33333333333333337, 0.0, 0.0, 0.0], [0.0, 0.0, 0.0, 0.5, 0.5, 0.0], [0.0, 0.0, 0.0, 0.0, 0.0, 1.0]], "C_K": [[0.7071067811865475, 0.0, 0.0], [0.0, 0.7071067811865475, 0.0], [0.0, 0.0, 0.7071067811865475]], "V_K": [[0.7071067811865475, 0.7071067811865475, 0.0, 0.0, 0.0, 0.0], [0.0, 0.0, 0.7071067811865475, 0.7071067811865475, 0.0, 0.0], [0.0, 0.0, 0.0, 0.0, 0.7071067811865475, 0.7071067811865475]], "M_K": [[0.5, 0.5, 0.0, 0.0, 0.0, 0.0], [0.0, 0.0, 0.5, 0.5, 0.0, 0.0], [0.0, 0.0, 0.0, 0.0, 0.5, 0.5]], "C_A": [[1, 0, 1], [1, -1, 0], [1, 0, -1]], "V_A": [[0.3535533905932738, 0.35355339059327373, 0.5000000000000003, 0.5000000000000002, 0.35355339059327356, 0.35355339059327356], [-0.44403691698855796, -0.44403691698855763, -0.32505758367186827, 0.32505758367186793, 0.4440369169885577, 0.4440369169885577], [-0.35355339059327356, -0.35355339059327406, 0.5000000000000001, 0.4999999999999997, -0.35355339059327395, -0.35355339059327395]], "M_A": [[1.1102230246251568e-16, -1.6653345369377353e-16, 0.5000000000000003, 0.5000000000000001, -1.9428902930940244e-16, -1.9428902930940244e-16], [0.3303727226177231, 0.33037272261772294, 0.3417500408956626, 0.07246352147743278, -0.037479503804270606, -0.037479503804270606], [0.2499999999999999, 0.25000000000000006, 7.850462293418873e-17, 1.7663540160192467e-16, 0.24999999999999992, 0.24999999999999992]], "C_T1_WK": [[0.816496580927726, 0.0, 0.0], [0.408248290463863, 0.5000000000000001, 0.0], [0.0, 0.5000000000000001, 0.7071067811865475]], "V_T1_WK": [[0.5773502691896258, 0.5773502691896258, 0.5773502691896258, 0.0, 0.0, 0.0], [0.0, 0.0, 0.0, 0.7071067811865475, 0.7071067811865475, 0.0], [0.0, 0.0, 0.0, 0.0, 0.0, 1.0]], "V_T2_WK": [[0.7071067811865475, 0.7071067811865475, 0.0, 0.0, 0.0, 0.0], [0.0, 0.0, 0.7071067811865475, 0.7071067811865475, 0.0, 0.0], [0.0, 0.0, 0.0, 0.0, 0.7071067811865475, 0.7071067811865475]], "M_WK": [[0.33333333333333337, 0.33333333333333337, 0.33333333333333337, 0.0, 0.0, 0.0], [0.16666666666666669, 0.16666666666666669, 0.16666666666666669, 0.25, 0.25, 0.0], [0.0, 0.0, 0.0, 0.25000000000000006, 0.25000000000000006, 0.5]], "C_T1_WA": [[0.6969234250586761, 0.603553390593274, 0.35355339059327356], [-0.7004017505420332, 0.5438319367902688, 0.4440369169885577], [-0.11957315586905008, 0.10355339059327343, -0.35355339059327395]], "V_T1_WA": [[0.5773502691896258, 0.5773502691896258, 0.5773502691896258, 0.0, 0.0, 0.0], [0.0, 0.0, 0.0, 0.7071067811865475, 0.7071067811865475, 0.0], [0.0, 0.0, 0.0, 0.0, 0.0, 1.0]], "V_T2_WA": [[0.3535533905932738, 0.35355339059327373, 0.5000000000000003, 0.5000000000000002, 0.35355339059327356, 0.35355339059327356], [-0.44403691698855796, -0.44403691698855763, -0.32505758367186827, 0.32505758367186793, 0.4440369169885577, 0.4440369169885577], [-0.35355339059327356, -0.35355339059327406, 0.5000000000000001, 0.4999999999999997, -0.35355339059327395, -0.35355339059327395]], "M_WA": [[0.1666666666666667, 0.1666666666666667, 0.1666666666666667, 0.1767766952966369, 0.1767766952966369, 0.14644660940672613], [485640728931147.25, 485640728931147.25, 485640728931147.25, -461825827544932.1, -461825827544932.1, -533270531703576.6], [0.16666666666666635, 0.16666666666666635, 0.16666666666666635, -0.176776695296636, -0.176776695296636, 0.8535533905932728]], "C_T1_KW": [[0.816496580927726, 0.4082482904638632, 0.0], [0.0, 0.5000000000000001, 0.5000000000000001], [0.0, 0.0, 0.7071067811865477]], "V_T1_KW": [[0.7071067811865475, 0.7071067811865475, 0.0, 0.0, 0.0, 0.0], [0.0, 0.0, 0.7071067811865475, 0.7071067811865475, 0.0, 0.0], [0.0, 0.0, 0.0, 0.0, 0.7071067811865475, 0.7071067811865475]], "V_T2_KW": [[0.5773502691896258, 0.5773502691896258, 0.5773502691896258, 0.0, 0.0, 0.0], [0.0, 0.0, 0.0, 0.7071067811865475, 0.7071067811865475, 0.0], [0.0, 0.0, 0.0, 0.0, 0.0, 1.0]], "M_KW": [[0.33333333333333326, 0.33333333333333326, 0.16666666666666669, 0.16666666666666669, 0.0, 0.0], [0.0, 0.0, 0.25, 0.25, 0.25, 0.25], [0.0, 0.0, 0.0, 0.0, 0.5, 0.5]], "C_T1_KA": [[0.49999999999999994, 0.707106781186548, 0.49999999999999983], [-0.6279630301995546, -2.290498751923066e-16, 0.6279630301995546], [-0.5, 0.7071067811865476, -0.5000000000000003]], "V_T1_KA": [[0.7071067811865475, 0.7071067811865475, 0.0, 0.0, 0.0, 0.0], [0.0, 0.0, 0.7071067811865475, 0.7071067811865475, 0.0, 0.0], [0.0, 0.0, 0.0, 0.0, 0.7071067811865475, 0.7071067811865475]], "V_T2_KA": [[0.3535533905932738, 0.35355339059327373, 0.5000000000000003, 0.5000000000000002, 0.35355339059327356, 0.35355339059327356], [-0.44403691698855796, -0.44403691698855763, -0.32505758367186827, 0.32505758367186793, 0.4440369169885577, 0.4440369169885577], [-0.35355339059327356, -0.35355339059327406, 0.5000000000000001, 0.4999999999999997, -0.35355339059327395, -0.35355339059327395]], "M_KA": [[0.1464466094067262, 0.1464466094067262, 0.20710678118654768, 0.20710678118654768, 0.14644660940672619, 0.14644660940672619], [1999764493888412.5, 1999764493888412.5, 0.7294152453426899, 0.7294152453426899, -1999764493888412.5, -1999764493888412.5], [0.8535533905932731, 0.8535533905932731, -1.2071067811865466, -1.2071067811865466, 0.8535533905932736, 0.8535533905932736]], "C_T1_AW": [[0.6969234250586755, -0.7004017505420331, -0.11957315586905017], [0.6035533905932737, 0.5438319367902683, 0.10355339059327333], [0.35355339059327373, 0.44403691698855735, -0.35355339059327373]], "V_T1_AW": [[0.3535533905932738, 0.35355339059327373, 0.5000000000000003, 0.5000000000000002, 0.35355339059327356, 0.35355339059327356], [-0.44403691698855796, -0.44403691698855763, -0.32505758367186827, 0.32505758367186793, 0.4440369169885577, 0.4440369169885577], [-0.35355339059327356, -0.35355339059327406, 0.5000000000000001, 0.4999999999999997, -0.35355339059327395, -0.35355339059327395]], "V_T2_AW": [[0.5773502691896258, 0.5773502691896258, 0.5773502691896258, 0.0, 0.0, 0.0], [0.0, 0.0, 0.0, 0.7071067811865475, 0.7071067811865475, 0.0], [0.0, 0.0, 0.0, 0.0, 0.0, 1.0]], "M_AW": [[0.34622504486493777, 0.3462250448649377, 0.29811252243246894, 0.03522081090086457, -0.012891711531604512, -0.012891711531604512], [-0.04575317547305471, -0.04575317547305464, 0.12500000000000003, 0.3749999999999997, 0.29575317547305474, 0.29575317547305474], [0.05283121635129667, 0.05283121635129698, -0.14433756729740632, 0.14433756729740643, 0.4471687836487031, 0.4471687836487031]], "C_T1_AK": [[0.49999999999999944, -0.6279630301995545, -0.49999999999999983], [0.7071067811865475, -7.918255301158053e-17, 0.7071067811865469], [0.4999999999999999, 0.6279630301995539, -0.4999999999999999]], "V_T1_AK": [[0.3535533905932738, 0.35355339059327373, 0.5000000000000003, 0.5000000000000002, 0.35355339059327356, 0.35355339059327356], [-0.44403691698855796, -0.44403691698855763, -0.32505758367186827, 0.32505758367186793, 0.4440369169885577, 0.4440369169885577], [-0.35355339059327356, -0.35355339059327406, 0.5000000000000001, 0.4999999999999997, -0.35355339059327395, -0.35355339059327395]], "V_T2_AK": [[0.7071067811865475, 0.7071067811865475, 0.0, 0.0, 0.0, 0.0], [0.0, 0.0, 0.7071067811865475, 0.7071067811865475, 0.0, 0.0], [0.0, 0.0, 0.0, 0.0, 0.7071067811865475, 0.7071067811865475]],