{"W": [[0.2, 0.0, 0.0, 0.0, 0.0, 0.0], [0.0, 0.2, 0.0, 0.0, 0.0, 0.0], [0.0, 0.0, 0.2, 0.0, 0.0, 0.0], [0.0, 0.0, 0.0, -0.2, 0.0, 0.0], [0.0, 0.0, 0.0, 0.0, -0.2, 0.0], [0.0, 0.0, 0.0, 0.0, 0.0, -0.2]], "K": [[2, 0, 0, 0, 0, 0], [0, 2, 0, 0, 0, 0], [0, 0, 3, 0, 0, 0], [0, 0, 0, 3, 0, 0], [0, 0, 0, 0, 2, 0], [0, 0, 0, 0, 0, 2]], "A": [[0, 1, 1, 0, 0, 0], [1, 0, 1, 0, 0, 0], [1, 1, 0, 1, 0, 0], [0, 0, 1, 0, 1, 1], [0, 0, 0, 1, 0, 1], [0, 0, 0, 1, 1, 0]], "V_W": [[0.5773502691896258, 0.5773502691896258, 0.5773502691896258, 0.0, 0.0, 0.0], [0.0, 0.0, 0.0, 0.5773502691896258, 0.5773502691896258, 0.5773502691896258]], "M_W": [[0.3333333333333333, 0.3333333333333333, 0.3333333333333333, 0.0, 0.0, 0.0], [0.0, 0.0, 0.0, 0.3333333333333333, 0.3333333333333333, 0.3333333333333333]], "V_K": [[0.5, 0.5, 0.0, 0.0, 0.5, 0.49], [0.0, 0.0, 0.7071067811865475, 0.7071067811865475, 0.0, 0.0]], "M_K": [[0.25125628140703515, 0.25125628140703515, 0.0, 0.0, 0.25125628140703515, 0.24623115577889446], [0.0, 0.0, 0.5, 0.5, 0.0, 0.0]], "V_A": [[0.3535533905932738, 0.35355339059327373, 0.5000000000000003, 0.5000000000000002, 0.35355339059327356, 0.35355339059327356], [-0.44403691698855796, -0.44403691698855763, -0.32505758367186827, 0.32505758367186793, 0.4440369169885577, 0.4440369169885577]], "M_A": [[0.055361480695971264, 0.05536148069905671, 0.14042783931553643, 0.2737857232821758, 0.23753173800362998, 0.2375317380036298], [0.19025345837536187, 0.19025345837783286, 0.23917562054341981, 0.17503794206473233, 0.10263976031932674, 0.1026397603193265]], "V_T1_WK": [[0.5773502691896258, 0.5773502691896258, 0.5773502691896258, 0.0, 0.0, 0.0], [0.0, 0.0, 0.0, 0.5773502691896258, 0.5773502691896258, 0.5773502691896258]], "V_T2_WK": [[0.5, 0.5, 0.0, 0.0, 0.5, 0.49], [0.0, 0.0, 0.7071067811865475, 0.7071067811865475, 0.0, 0.0]], "M_WK": [[0.16750418760469013, 0.16750418760469013, 0.16750418760469013, 0.16582914572864324, 0.16582914572864324, 0.16582914572864324], [0.16666666666666669, 0.16666666666666669, 0.16666666666666669, 0.16666666666666669, 0.16666666666666669, 0.16666666666666669]], "V_T1_WA": [[0.5773502691896258, 0.5773502691896258, 0.5773502691896258, 0.0, 0.0, 0.0], [0.0, 0.0, 0.0, 0.5773502691896258, 0.5773502691896258, 0.5773502691896258]], "V_T2_WA": [[0.3535533905932738, 0.35355339059327373, 0.5000000000000003, 0.5000000000000002, 0.35355339059327356, 0.35355339059327356], [-0.44403691698855796, -0.44403691698855763, -0.32505758367186827, 0.32505758367186793, 0.4440369169885577, 0.4440369169885577]], "M_WA": [[0.2967647818329266, 0.2967647818329266, 0.2967647818329266, 0.03656855150085794, 0.036568551502001195, 0.036568551498361], [0.13008429586376946, 0.13008429586376946, 0.13008429586376946, 0.20324903746982972, 0.20324903747050335, 0.2032490374683585]], "V_T1_KW": [[0.5, 0.5, 0.0, 0.0, 0.5, 0.49], [0.0, 0.0, 0.7071067811865475, 0.7071067811865475, 0.0, 0.0]], "V_T2_KW": [[0.5773502691896258, 0.5773502691896258, 0.5773502691896258, 0.0, 0.0, 0.0], [0.0, 0.0, 0.0, 0.5773502691896258, 0.5773502691896258, 0.5773502691896258]], "M_KW": [[0.1677796047112513, 0.1677796047112513, 0.16611858662460996, 0.16611858662460996, 0.1677796047112513, 0.16442401261702627], [0.16721843118708193, 0.16721843118708193, 0.16723532193770693, 0.16723532193770693, 0.16721843118708193, 0.1638740625633403]], "V_T1_KA": [[0.5, 0.5, 0.0, 0.0, 0.5, 0.49], [0.0, 0.0, 0.7071067811865475, 0.7071067811865475, 0.0, 0.0]], "V_T2_KA": [[0.3535533905932738, 0.35355339059327373, 0.5000000000000003, 0.5000000000000002, 0.35355339059327356, 0.35355339059327356], [-0.44403691698855796, -0.44403691698855763, -0.32505758367186827, 0.32505758367186793, 0.4440369169885577, 0.4440369169885577]], "M_KA": [[0.2031390624033889, 0.16077975030233949, 0.1042713705466328, 0.3262700479887849, 0.07962272791107029, 0.12591704084778357], [0.07018074776289103, 0.12846526237147743, 0.34861886880596504, 0.04316052599529789, 0.24013363859424583, 0.16944095647012278]], "V_T1_AW": [[0.3535533905932738, 0.35355339059327373, 0.5000000000000003, 0.5000000000000002, 0.35355339059327356, 0.35355339059327356], [-0.44403691698855796, -0.44403691698855763, -0.32505758367186827, 0.32505758367186793, 0.4440369169885577, 0.4440369169885577]], "V_T2_AW": [[0.5773502691896258, 0.5773502691896258, 0.5773502691896258, 0.0, 0.0, 0.0], [0.0, 0.0, 0.0, 0.5773502691896258, 0.5773502691896258, 0.5773502691896258]], "M_AW": [[0.27436910368803985, 0.27436910368632544, 0.3007525463892035, 0.11346101566034666, 0.01852411528804218, 0.018524115288042244], [0.011907180427376672, 0.011907180422692001, 0.10861708312193112, 0.30559647889156455, 0.2809860385682178, 0.28098603856821786]], "V_T1_AK": [[0.3535533905932738, 0.35355339059327373, 0.5000000000000003, 0.5000000000000002, 0.35355339059327356, 0.35355339059327356], [-0.44403691698855796, -0.44403691698855763, -0.32505758367186827, 0.32505758367186793, 0.4440369169885577, 0.4440369169885577]], "V_T2_AK": [[0.5, 0.5, 0.0, 0.0, 0.5, 0.49], [0.0, 0.0, 0.7071067811865475, 0.7071067811865475, 0.0, 0.0]], "M_AK": [[0.1476074013603424, 0.1476074013603424, 0.20795653987361185, 0.20625702249948344, 0.14528581745311, 0.14528581745311], [0.1464466094067263, 0.14644660940672627, 0.20710678118654768, 0.20710678118654752, 0.14644660940672607, 0.14644660940672607]], "V_T1_WKA": [[0.5773502691896258, 0.5773502691896258, 0.5773502691896258, 0.0, 0.0, 0.0], [0.0, 0.0, 0.0, 0.5773502691896258, 0.5773502691896258, 0.5773502691896258]], "V_T2_WKA": [[0.5, 0.5, 0.0, 0.0, 0.5, 0.49], [0.0, 0.0, 0.7071067811865475, 0.7071067811865475, 0.0, 0.0]], "V_T3_WKA": [[0.3535533905932738, 0.35355339059327373, 0.5000000000000003, 0.5000000000000002, 0.35355339059327356, 0.35355339059327356], [-0.44403691698855796, -0.44403691698855763, -0.32505758367186827, 0.32505758367186793, 0.4440369169885577, 0.4440369169885577]], "M_WKA": [[0.3021936571908176, 0.0038209519700550232, 0.16450232396764466, 0.08191250528912232, 0.3147903913548698, 0.13278017022749047], [0.042140637026117186, 0.318662329378618, 0.16974828955342197, 0.2441381621821149, 0.02831484439878315, 0.1969957374609448]], "V_T1_WAK": [[0.5773502691896258, 0.5773502691896258, 0.5773502691896258, 0.0, 0.0, 0.0], [0.0, 0.0, 0.0, 0.5773502691896258, 0.5773502691896258, 0.5773502691896258]], "V_T2_WAK": [[0.3535533905932738, 0.35355339059327373, 0.5000000000000003, 0.5000000000000002, 0.35355339059327356, 0.35355339059327356], [-0.44403691698855796, -0.44403691698855763, -0.32505758367186827, 0.32505758367186793, 0.4440369169885577, 0.4440369169885577]], "V_T3_WAK": [[0.5, 0.5, 0.0, 0.0, 0.5, 0.49], [0.0, 0.0, 0.7071067811865475, 0.7071067811865475, 0.0, 0.0]], "M_WAK": [[0.16751256855471408, 0.16751256855471408, 0.16751256855471408, 0.1658207647786192, 0.1658207647786192, 0.1658207647786192], [0.16666666666666674, 0.16666666666666674, 0.16666666666666674, 0.1666666666666666, 0.1666666666666666, 0.1666666666666666]], "V_T1_KWA": [[0.5, 0.5, 0.0, 0.0, 0.5, 0.49], [0.0, 0.0, 0.7071067811865475, 0.7071067811865475, 0.0, 0.0]], "V_T2_KWA": [[0.5773502691896258, 0.5773502691896258, 0.5773502691896258, 0.0, 0.0, 0.0], [0.0, 0.0, 0.0, 0.5773502691896258, 0.5773502691896258, 0.5773502691896258]], "V_T3_KWA": [[0.3535533905932738, 0.35355339059327373, 0.5000000000000003, 0.5000000000000002, 0.35355339059327356, 0.35355339059327356], [-0.44403691698855796, -0.44403691698855763, -0.32505758367186827, 0.32505758367186793, 0.4440369169885577, 0.4440369169885577]], "M_KWA": [[0.27617005804074607, 0.1405689742314504, 0.15048548990772972, 0.20695468852699678, 0.17037576718115877, 0.055445022111918235], [0.06045580750358422, 0.19403003916089165, 0.18261942644568643, 0.12699428241278046, 0.16466877334666238, 0.2712316711303948]], "V_T1_KAW": [[0.5, 0.5, 0.0, 0.0, 0.5, 0.49], [0.0, 0.0, 0.7071067811865475, 0.7071067811865475, 0.0, 0.0]],