{"W": [[0.2, 0.0, 0.0, 0.0, 0.0, 0.0], [0.0, -0.2, 0.0, 0.0, 0.0, 0.0], [0.0, 0.0, 0.2, 0.0, 0.0, 0.0], [0.0, 0.0, 0.0, -0.2, 0.0, 0.0], [0.0, 0.0, 0.0, 0.0, 0.2, 0.0], [0.0, 0.0, 0.0, 0.0, 0.0, -0.2]], "K": [[2, 0, 0, 0, 0, 0], [0, 2, 0, 0, 0, 0], [0, 0, 3, 0, 0, 0], [0, 0, 0, 3, 0, 0], [0, 0, 0, 0, 2, 0], [0, 0, 0, 0, 0, 2]], "A": [[0, 1, 1, 0, 0, 0], [1, 0, 1, 0, 0, 0], [1, 1, 0, 1, 0, 0], [0, 0, 1, 0, 1, 1], [0, 0, 0, 1, 0, 1], [0, 0, 0, 1, 1, 0]], "V_W": [[0.5773502691896258, 0.0, 0.5773502691896258, 0.0, 0.5773502691896258, 0.0], [0.0, 0.5773502691896258, 0.0, 0.5773502691896258, 0.0, 0.5773502691896258]], "M_W": [[0.3333333333333333, 0.0, 0.3333333333333333, 0.0, 0.3333333333333333, 0.0], [0.0, 0.3333333333333333, 0.0, 0.3333333333333333, 0.0, 0.3333333333333333]], "V_K": [[0.5773502691896258, 0.5773502691896258, 0.0, 0.0, 0.5773502691896258, 0.0], [0.0, 0.0, 0.7071067811865475, 0.7071067811865475, 0.0, 0.0]], "M_K": [[0.3333333333333333, 0.3333333333333333, 0.0, 0.0, 0.3333333333333333, 0.0], [0.0, 0.0, 0.5, 0.5, 0.0, 0.0]], "V_A": [[0.3535533905932738, 0.35355339059327373, 0.5000000000000003, 0.5000000000000002, 0.35355339059327356, 0.35355339059327356], [-0.44403691698855785, -0.4440369169885575, -0.3250575836718682, 0.3250575836718679, 0.4440369169885576, 0.4440369169885576]], "M_A": [[1.64862141407377e-19, 1.803667202031392e-19, 2.6386974849515435e-19, 0.26892088347495413, 0.3655395593261058, 0.36553955719894], [0.28609220934095847, 0.2860922093409583, 0.40514883020324094, 0.022666751114842308, 0.0, 0.0]], "V_T1_WK": [[0.5773502691896258, 0.0, 0.5773502691896258, 0.0, 0.5773502691896258, 0.0], [0.0, 0.5773502691896258, 0.0, 0.5773502691896258, 0.0, 0.5773502691896258]], "V_T2_WK": [[0.5773502691896258, 0.5773502691896258, 0.0, 0.0, 0.5773502691896258, 0.0], [0.0, 0.0, 0.7071067811865475, 0.7071067811865475, 0.0, 0.0]], "M_WK": [[0.0048617575688239345, 0.3303275181578664, 0.0004571537705842607, 0.32987403305779345, 0.004765151398190947, 0.3297143860467411], [0.3317967372296986, 0.000310838425296971, 0.334641675347339, 0.0006381705768257928, 0.33185919826401544, 0.0007533801568241933]], "V_T1_WA": [[0.5773502691896258, 0.0, 0.5773502691896258, 0.0, 0.5773502691896258, 0.0], [0.0, 0.5773502691896258, 0.0, 0.5773502691896258, 0.0, 0.5773502691896258]], "V_T2_WA": [[0.3535533905932738, 0.35355339059327373, 0.5000000000000003, 0.5000000000000002, 0.35355339059327356, 0.35355339059327356], [-0.44403691698855785, -0.4440369169885575, -0.3250575836718682, 0.3250575836718679, 0.4440369169885576, 0.4440369169885576]], "M_WA": [[0.3330086490505286, 0.005945993525835775, 0.3292914621113103, 0.005271243709187264, 0.32617655002276025, 0.0003061015803778789], [0.003096914357368765, 0.3245159943131845, 0.006944746341238304, 0.3251837101605025, 0.010165788514740466, 0.33009284631296554]], "V_T1_KW": [[0.5773502691896258, 0.5773502691896258, 0.0, 0.0, 0.5773502691896258, 0.0], [0.0, 0.0, 0.7071067811865475, 0.7071067811865475, 0.0, 0.0]], "V_T2_KW": [[0.5773502691896258, 0.0, 0.5773502691896258, 0.0, 0.5773502691896258, 0.0], [0.0, 0.5773502691896258, 0.0, 0.5773502691896258, 0.0, 0.5773502691896258]], "M_KW": [[0.0017653002901313558, 0.0011106352858450688, 0.500935679061302, 0.4930925950760421, 0.0030957902866794503, 0.0], [0.3310719921240603, 0.33146206471194223, 0.001008136187076741, 0.006178882264780342, 0.3302789247121404, 0.0]], "V_T1_KA": [[0.5773502691896258, 0.5773502691896258, 0.0, 0.0, 0.5773502691896258, 0.0], [0.0, 0.0, 0.7071067811865475, 0.7071067811865475, 0.0, 0.0]], "V_T2_KA": [[0.3535533905932738, 0.35355339059327373, 0.5000000000000003, 0.5000000000000002, 0.35355339059327356, 0.35355339059327356], [-0.44403691698855785, -0.4440369169885575, -0.3250575836718682, 0.3250575836718679, 0.4440369169885576, 0.4440369169885576]], "M_KA": [[0.2020469755212676, 0.016803822961222018, 0.28848581554590014, 0.2879537150422572, 0.20470967092935302, 0.0], [0.029939107879307102, 0.8942454971241667, 0.027915143205413613, 0.030384747604842752, 0.017515504186269737, 0.0]], "V_T1_AW": [[0.3535533905932738, 0.35355339059327373, 0.5000000000000003, 0.5000000000000002, 0.35355339059327356, 0.35355339059327356], [-0.44403691698855785, -0.4440369169885575, -0.3250575836718682, 0.3250575836718679, 0.4440369169885576, 0.4440369169885576]], "V_T2_AW": [[0.5773502691896258, 0.0, 0.5773502691896258, 0.0, 0.5773502691896258, 0.0], [0.0, 0.5773502691896258, 0.0, 0.5773502691896258, 0.0, 0.5773502691896258]], "M_AW": [[8.514140608234654e-09, 8.520634132780175e-09, 0.07655386249750278, 0.37361519532141213, 0.27491546257315513, 0.27491546257315513], [0.3219363363592357, 0.32193633635238283, 0.3561273272663417, 2.2039620430700003e-11, 1.3351511494293262e-36, 4.024388940822013e-36]], "V_T1_AK": [[0.3535533905932738, 0.35355339059327373, 0.5000000000000003, 0.5000000000000002, 0.35355339059327356, 0.35355339059327356], [-0.44403691698855785, -0.4440369169885575, -0.3250575836718682, 0.3250575836718679, 0.4440369169885576, 0.4440369169885576]], "V_T2_AK": [[0.5773502691896258, 0.5773502691896258, 0.0, 0.0, 0.5773502691896258, 0.0], [0.0, 0.0, 0.7071067811865475, 0.7071067811865475, 0.0, 0.0]], "M_AK": [[2.8229344991099906e-06, 2.7884425382295622e-06, 0.05722936026935149, 0.4113104468201688, 0.2657272907667212, 0.2657272907667212], [0.3186685849062373, 0.3186686101922078, 0.3626623027505999, 5.021509549314318e-07, 3.293200634173956e-29, 1.125042522440108e-29]], "V_T1_WKA": [[0.5773502691896258, 0.0, 0.5773502691896258, 0.0, 0.5773502691896258, 0.0], [0.0, 0.5773502691896258, 0.0, 0.5773502691896258, 0.0, 0.5773502691896258]], "V_T2_WKA": [[0.5773502691896258, 0.5773502691896258, 0.0, 0.0, 0.5773502691896258, 0.0], [0.0, 0.0, 0.7071067811865475, 0.7071067811865475, 0.0, 0.0]], "V_T3_WKA": [[0.3535533905932738, 0.35355339059327373, 0.5000000000000003, 0.5000000000000002, 0.35355339059327356, 0.35355339059327356], [-0.44403691698855785, -0.4440369169885575, -0.3250575836718682, 0.3250575836718679, 0.4440369169885576, 0.4440369169885576]], "M_WKA": [[0.0008681167649818529, 0.0015477859965472407, 0.005820549288785008, 0.03143870379545235, 0.03492679318802373, 0.9253980509662099], [0.23243156936814716, 0.15479786203164952, 0.2316249715501393, 0.14992951476689326, 0.2268844818763466, 0.004331600406824115]], "V_T1_WAK": [[0.5773502691896258, 0.0, 0.5773502691896258, 0.0, 0.5773502691896258, 0.0], [0.0, 0.5773502691896258, 0.0, 0.5773502691896258, 0.0, 0.5773502691896258]], "V_T2_WAK": [[0.3535533905932738, 0.35355339059327373, 0.5000000000000003, 0.5000000000000002, 0.35355339059327356, 0.35355339059327356], [-0.44403691698855785, -0.4440369169885575, -0.3250575836718682, 0.3250575836718679, 0.4440369169885576, 0.4440369169885576]], "V_T3_WAK": [[0.5773502691896258, 0.5773502691896258, 0.0, 0.0, 0.5773502691896258, 0.0], [0.0, 0.0, 0.7071067811865475, 0.7071067811865475, 0.0, 0.0]], "M_WAK": [[0.06274752611955063, 0.000801529069546748, 0.032249052439432796, 0.033706614432174715, 0.05991275975258133, 0.8105825181867138], [0.19439197148079068, 0.20313643229762637, 0.20165073357930777, 0.19530763105283303, 0.19506666070174053, 0.010446570887701637]], "V_T1_KWA": [[0.5773502691896258, 0.5773502691896258, 0.0, 0.0, 0.5773502691896258, 0.0], [0.0, 0.0, 0.7071067811865475, 0.7071067811865475, 0.0, 0.0]], "V_T2_KWA": [[0.5773502691896258, 0.0, 0.5773502691896258, 0.0, 0.5773502691896258, 0.0], [0.0, 0.5773502691896258, 0.0, 0.5773502691896258, 0.0, 0.5773502691896258]], "V_T3_KWA": [[0.3535533905932738, 0.35355339059327373, 0.5000000000000003, 0.5000000000000002, 0.35355339059327356, 0.35355339059327356], [-0.44403691698855785, -0.4440369169885575, -0.3250575836718682, 0.3250575836718679, 0.4440369169885576, 0.4440369169885576]], "M_KWA": [[0.26080882861659893, 0.01889367941706664, 0.23207106477095743, 0.2295484431063108, 0.25867798408906617, 0.0], [0.012084869360338701, 0.8372846899939106, 0.06133603994129348, 0.06994097417185939, 0.019353426532597764, 0.0]],