{"W": [[0.2, 0.0, 0.0, 0.0, 0.0, 0.0], [0.0, -0.2, 0.0, 0.0, 0.0, 0.0], [0.0, 0.0, 0.2, 0.0, 0.0, 0.0], [0.0, 0.0, 0.0, -0.2, 0.0, 0.0], [0.0, 0.0, 0.0, 0.0, 0.2, 0.0], [0.0, 0.0, 0.0, 0.0, 0.0, -0.2]], "K": [[2, 0, 0, 0, 0, 0], [0, 2, 0, 0, 0, 0], [0, 0, 3, 0, 0, 0], [0, 0, 0, 3, 0, 0], [0, 0, 0, 0, 2, 0], [0, 0, 0, 0, 0, 2]], "A": [[0, 1, 1, 0, 0, 0], [1, 0, 1, 0, 0, 0], [1, 1, 0, 1, 0, 0], [0, 0, 1, 0, 1, 1], [0, 0, 0, 1, 0, 1], [0, 0, 0, 1, 1, 0]], "V_W": [[0.5773502691896258, 0.0, 0.5773502691896258, 0.0, 0.5773502691896258, 0.0], [0.0, 0.0, 0.0, 1.0, 0.0, 0.0], [0.0, 0.7071067811865475, 0.0, 0.0, 0.0, 0.7071067811865475]], "M_W": [[0.3333333333333333, 0.0, 0.3333333333333333, 0.0, 0.3333333333333333, 0.0], [0.0, 0.0, 0.0, 1.0, 0.0, 0.0], [0.0, 0.5, 0.0, 0.0, 0.0, 0.5]], "V_K": [[0.7071067811865475, 0.7071067811865475, 0.0, 0.0, 0.0, 0.0], [0.0, 0.0, 0.7071067811865475, 0.7071067811865475, 0.0, 0.0], [0.0, 0.0, 0.0, 0.0, 1.0, 0.0]], "M_K": [[0.5, 0.5, 0.0, 0.0, 0.0, 0.0], [0.0, 0.0, 0.5, 0.5, 0.0, 0.0], [0.0, 0.0, 0.0, 0.0, 1.0, 0.0]], "V_A": [[0.3535533905932738, 0.35355339059327373, 0.5000000000000003, 0.5000000000000002, 0.35355339059327356, 0.35355339059327356], [-0.44403691698855796, -0.44403691698855763, -0.32505758367186827, 0.32505758367186793, 0.4440369169885577, 0.4440369169885577], [-0.35355339059327356, -0.35355339059327406, 0.5000000000000001, 0.4999999999999997, -0.35355339059327395, -0.35355339059327395]], "M_A": [[0.0, 0.0, 0.513239424345359, 0.4846874693244769, 0.001036562895033268, 0.0010365434351306336], [3.561216388951542e-05, 3.5214219198083904e-05, 0.0, 2.0996384218895748e-52, 0.4999658626341861, 0.4999633109827263], [0.499999998584924, 0.5000000014036922, 1.1383824235592176e-11, 1.7781788779924078e-84, 2.377876980811322e-211, 1.026133935480733e-211]], "V_T1_WK": [[0.5773502691896258, 0.0, 0.5773502691896258, 0.0, 0.5773502691896258, 0.0], [0.0, 0.0, 0.0, 1.0, 0.0, 0.0], [0.0, 0.7071067811865475, 0.0, 0.0, 0.0, 0.7071067811865475]], "V_T2_WK": [[0.7071067811865475, 0.7071067811865475, 0.0, 0.0, 0.0, 0.0], [0.0, 0.0, 0.7071067811865475, 0.7071067811865475, 0.0, 0.0], [0.0, 0.0, 0.0, 0.0, 1.0, 0.0]], "M_WK": [[0.000300250776050406, 0.4994815917685059, 0.00031518401628261185, 0.0, 0.00042116440503744344, 0.4994818090341236], [0.3333931175209963, 2.2092125424211605e-07, 0.3333230911405234, 1.1556804256521338e-08, 0.3332835551358549, 3.724566912616483e-09], [0.00043472497410649105, 0.0, 0.0006983975551997585, 0.9981170653100108, 0.000749812160682996, 0.0]], "V_T1_WA": [[0.5773502691896258, 0.0, 0.5773502691896258, 0.0, 0.5773502691896258, 0.0], [0.0, 0.0, 0.0, 1.0, 0.0, 0.0], [0.0, 0.7071067811865475, 0.0, 0.0, 0.0, 0.7071067811865475]], "V_T2_WA": [[0.3535533905932738, 0.35355339059327373, 0.5000000000000003, 0.5000000000000002, 0.35355339059327356, 0.35355339059327356], [-0.44403691698855796, -0.44403691698855763, -0.32505758367186827, 0.32505758367186793, 0.4440369169885577, 0.4440369169885577], [-0.35355339059327356, -0.35355339059327406, 0.5000000000000001, 0.4999999999999997, -0.35355339059327395, -0.35355339059327395]], "M_WA": [[0.08014277638333091, 0.0262748625997537, 0.022749800330788078, 6.605307280246632e-22, 0.04140494099274906, 0.8294276196933783], [0.24368598201049171, 0.22777401916932577, 0.25883384673778687, 4.201485735775582e-24, 0.2539101510760049, 0.015796001006390767], [1.4045120885445717e-07, 1.0946289193820395e-07, 1.4241258754035191e-07, 0.9999993373608904, 1.4017496761644764e-07, 1.301374535475626e-07]], "V_T1_KW": [[0.7071067811865475, 0.7071067811865475, 0.0, 0.0, 0.0, 0.0], [0.0, 0.0, 0.7071067811865475, 0.7071067811865475, 0.0, 0.0], [0.0, 0.0, 0.0, 0.0, 1.0, 0.0]], "V_T2_KW": [[0.5773502691896258, 0.0, 0.5773502691896258, 0.0, 0.5773502691896258, 0.0], [0.0, 0.0, 0.0, 1.0, 0.0, 0.0], [0.0, 0.7071067811865475, 0.0, 0.0, 0.0, 0.7071067811865475]], "M_KW": [[0.4995128843763561, 0.49951285482138497, 0.00022360714288318436, 1.479448088193077e-07, 0.0007505057145669744, 0.0], [3.3358360794419366e-09, 5.748575938326781e-10, 0.5000222771359534, 0.499976726330634, 9.926227189374781e-07, 0.0], [6.066201935731306e-06, 6.142792980320345e-06, 0.0005062672522738425, 0.0009112419640351815, 0.9985702817887749, 0.0]], "V_T1_KA": [[0.7071067811865475, 0.7071067811865475, 0.0, 0.0, 0.0, 0.0], [0.0, 0.0, 0.7071067811865475, 0.7071067811865475, 0.0, 0.0], [0.0, 0.0, 0.0, 0.0, 1.0, 0.0]], "V_T2_KA": [[0.3535533905932738, 0.35355339059327373, 0.5000000000000003, 0.5000000000000002, 0.35355339059327356, 0.35355339059327356], [-0.44403691698855796, -0.44403691698855763, -0.32505758367186827, 0.32505758367186793, 0.4440369169885577, 0.4440369169885577], [-0.35355339059327356, -0.35355339059327406, 0.5000000000000001, 0.4999999999999997, -0.35355339059327395, -0.35355339059327395]], "M_KA": [[0.0012917579350109716, 0.0009332056873855604, 0.0001008180636790481, 0.0011455637908627263, 0.9965286545230618, 0.0], [5.477675937423139e-12, 3.269679391266026e-11, 0.49855622902901364, 0.5014437709328116, 2.644520641730796e-16, 0.0], [0.49782480398552853, 0.49795819140331465, 0.003853426714646103, 0.00036107482873659684, 2.5030677740773735e-06, 0.0]], "V_T1_AW": [[0.3535533905932738, 0.35355339059327373, 0.5000000000000003, 0.5000000000000002, 0.35355339059327356, 0.35355339059327356], [-0.44403691698855796, -0.44403691698855763, -0.32505758367186827, 0.32505758367186793, 0.4440369169885577, 0.4440369169885577], [-0.35355339059327356, -0.35355339059327406, 0.5000000000000001, 0.4999999999999997, -0.35355339059327395, -0.35355339059327395]], "V_T2_AW": [[0.5773502691896258, 0.0, 0.5773502691896258, 0.0, 0.5773502691896258, 0.0], [0.0, 0.0, 0.0, 1.0, 0.0, 0.0], [0.0, 0.7071067811865475, 0.0, 0.0, 0.0, 0.7071067811865475]], "M_AW": [[0.0, 0.0, 0.38887435169588025, 0.61103755968654, 1.92364705206463e-05, 6.885214705912568e-05], [1.3429044006074741e-94, 4.262416224353853e-94, 0.015677914841047205, 1.4630808567567673e-05, 0.49221113913518805, 0.49209631521519714], [0.49969354553962925, 0.49969354553962925, 4.838009270150133e-24, 0.0, 0.0003008235692866278, 0.0003120853514548909]], "V_T1_AK": [[0.3535533905932738, 0.35355339059327373, 0.5000000000000003, 0.5000000000000002, 0.35355339059327356, 0.35355339059327356], [-0.44403691698855796, -0.44403691698855763, -0.32505758367186827, 0.32505758367186793, 0.4440369169885577, 0.4440369169885577], [-0.35355339059327356, -0.35355339059327406, 0.5000000000000001, 0.4999999999999997, -0.35355339059327395, -0.35355339059327395]], "V_T2_AK": [[0.7071067811865475, 0.7071067811865475, 0.0, 0.0, 0.0, 0.0], [0.0, 0.0, 0.7071067811865475, 0.7071067811865475, 0.0, 0.0], [0.0, 0.0, 0.0, 0.0, 1.0, 0.0]], "M_AK": [[5.863841209459255e-75, 5.8648879607812e-75, 0.4954137014855103, 0.5045862985144897, 0.0, 0.0], [0.48750692264874973, 0.4875069219989408, 0.024823011578722867, 0.0, 8.157200479606963e-05, 8.157176879043859e-05], [1.151717059475683e-08, 2.0139581070378627e-08, 0.0, 0.0, 0.49999998416110136, 0.49999998418214703]], "V_T1_WKA": [[0.5773502691896258, 0.0, 0.5773502691896258, 0.0, 0.5773502691896258, 0.0], [0.0, 0.0, 0.0, 1.0, 0.0, 0.0], [0.0, 0.7071067811865475, 0.0, 0.0, 0.0, 0.7071067811865475]], "V_T2_WKA": [[0.7071067811865475, 0.7071067811865475, 0.0, 0.0, 0.0, 0.0], [0.0, 0.0, 0.7071067811865475, 0.7071067811865475, 0.0, 0.0], [0.0, 0.0, 0.0, 0.0, 1.0, 0.0]], "V_T3_WKA": [[0.3535533905932738, 0.35355339059327373, 0.5000000000000003, 0.5000000000000002, 0.35355339059327356, 0.35355339059327356], [-0.44403691698855796, -0.44403691698855763, -0.32505758367186827, 0.32505758367186793, 0.4440369169885577, 0.4440369169885577], [-0.35355339059327356, -0.35355339059327406, 0.5000000000000001, 0.4999999999999997, -0.35355339059327395, -0.35355339059327395]],