{"W": [[0.2, 0.0, 0.0, 0.0, 0.0, 0.0], [0.0, 0.2, 0.0, 0.0, 0.0, 0.0], [0.0, 0.0, 0.2, 0.0, 0.0, 0.0], [0.0, 0.0, 0.0, -0.2, 0.0, 0.0], [0.0, 0.0, 0.0, 0.0, -0.2, 0.0], [0.0, 0.0, 0.0, 0.0, 0.0, -0.2]], "K": [[2, 0, 0, 0, 0, 0], [0, 2, 0, 0, 0, 0], [0, 0, 3, 0, 0, 0], [0, 0, 0, 3, 0, 0], [0, 0, 0, 0, 2, 0], [0, 0, 0, 0, 0, 2]], "A": [[0, 1, 1, 0, 0, 0], [1, 0, 1, 0, 0, 0], [1, 1, 0, 1, 0, 0], [0, 0, 1, 0, 1, 1], [0, 0, 0, 1, 0, 1], [0, 0, 0, 1, 1, 0]], "V_W": [[0.5773502691896258, 0.5773502691896258, 0.5773502691896258, 0.0, 0.0, 0.0], [0.0, 0.0, 0.0, 0.5773502691896258, 0.5773502691896258, 0.5773502691896258]], "M_W": [[0.3333333333333333, 0.3333333333333333, 0.3333333333333333, 0.0, 0.0, 0.0], [0.0, 0.0, 0.0, 0.3333333333333333, 0.3333333333333333, 0.3333333333333333]], "V_K": [[0.5, 0.5, 0.0, 0.0, 0.5, 0.45], [0.0, 0.0, 0.7071067811865475, 0.7071067811865475, 0.0, 0.0]], "M_K": [[0.0, 0.0, 0.5, 0.5, 0.0, 0.0], [0.25641025641025644, 0.25641025641025644, 0.0, 0.0, 0.25641025641025644, 0.23076923076923075]], "V_A": [[0.35355339059327356, 0.35355339059327345, 0.5, 0.5000000000000003, 0.3535533905932738, 0.3535533905932738], [-0.44403691698855763, -0.4440369169885577, -0.32505758367186827, 0.32505758367186793, 0.44403691698855763, 0.44403691698855763]], "M_A": [[0.32950328226417513, 0.3295041365832124, 0.34099258115261233, 0.0, 0.0, 0.0], [0.0, 0.0, 2.923463203978758e-20, 0.35205768670542426, 0.3239711566472878, 0.3239711566472878]], "V_T1_WK": [[0.5773502691896258, 0.5773502691896258, 0.5773502691896258, 0.0, 0.0, 0.0], [0.0, 0.0, 0.0, 0.5773502691896258, 0.5773502691896258, 0.5773502691896258]], "V_T2_WK": [[0.5, 0.5, 0.0, 0.0, 0.5, 0.45], [0.0, 0.0, 0.7071067811865475, 0.7071067811865475, 0.0, 0.0]], "M_WK": [[0.0, 0.0, 1.7993465501676216e-19, 0.33333364692983986, 0.33333398805268194, 0.3333323650174782], [0.33333361431916825, 0.33333385668259036, 0.3333325289982414, 0.0, 0.0, 0.0]], "V_T1_WA": [[0.5773502691896258, 0.5773502691896258, 0.5773502691896258, 0.0, 0.0, 0.0], [0.0, 0.0, 0.0, 0.5773502691896258, 0.5773502691896258, 0.5773502691896258]], "V_T2_WA": [[0.35355339059327356, 0.35355339059327345, 0.5, 0.5000000000000003, 0.3535533905932738, 0.3535533905932738], [-0.44403691698855763, -0.4440369169885577, -0.32505758367186827, 0.32505758367186793, 0.44403691698855763, 0.44403691698855763]], "M_WA": [[0.0, 0.0, 0.0, 0.33333333331645193, 0.3333333333400197, 0.33333333334352844], [0.33333333333333376, 0.33333333333333426, 0.333333333333332, 1.5130993448048425e-23, 0.0, 0.0]], "V_T1_KW": [[0.5, 0.5, 0.0, 0.0, 0.5, 0.45], [0.0, 0.0, 0.7071067811865475, 0.7071067811865475, 0.0, 0.0]], "V_T2_KW": [[0.5773502691896258, 0.5773502691896258, 0.5773502691896258, 0.0, 0.0, 0.0], [0.0, 0.0, 0.0, 0.5773502691896258, 0.5773502691896258, 0.5773502691896258]], "M_KW": [[0.2564101878712923, 0.2564101939994769, 1.179590135667798e-23, 0.0, 0.25641021315658985, 0.23076940497264092], [0.0, 0.0, 0.49999931282190113, 0.5000006871780989, 0.0, 0.0]], "V_T1_KA": [[0.5, 0.5, 0.0, 0.0, 0.5, 0.45], [0.0, 0.0, 0.7071067811865475, 0.7071067811865475, 0.0, 0.0]], "V_T2_KA": [[0.35355339059327356, 0.35355339059327345, 0.5, 0.5000000000000003, 0.3535533905932738, 0.3535533905932738], [-0.44403691698855763, -0.4440369169885577, -0.32505758367186827, 0.32505758367186793, 0.44403691698855763, 0.44403691698855763]], "M_KA": [[0.0, 0.0, 4.698721369651115e-12, 0.0, 0.5554974920585944, 0.444502507936707], [0.24750635588503972, 0.2527423729131421, 0.2304419359620489, 0.2693093352397693, 0.0, 0.0]], "V_T1_AW": [[0.35355339059327356, 0.35355339059327345, 0.5, 0.5000000000000003, 0.3535533905932738, 0.3535533905932738], [-0.44403691698855763, -0.4440369169885577, -0.32505758367186827, 0.32505758367186793, 0.44403691698855763, 0.44403691698855763]], "V_T2_AW": [[0.5773502691896258, 0.5773502691896258, 0.5773502691896258, 0.0, 0.0, 0.0], [0.0, 0.0, 0.0, 0.5773502691896258, 0.5773502691896258, 0.5773502691896258]], "M_AW": [[0.32297440927606724, 0.3229743188796275, 0.3540512718443051, 0.0, 0.0, 0.0], [0.0, 0.0, 8.997812132487657e-19, 0.3818551763577342, 0.3090724118211329, 0.3090724118211329]], "V_T1_AK": [[0.35355339059327356, 0.35355339059327345, 0.5, 0.5000000000000003, 0.3535533905932738, 0.3535533905932738], [-0.44403691698855763, -0.4440369169885577, -0.32505758367186827, 0.32505758367186793, 0.44403691698855763, 0.44403691698855763]], "V_T2_AK": [[0.5, 0.5, 0.0, 0.0, 0.5, 0.45], [0.0, 0.0, 0.7071067811865475, 0.7071067811865475, 0.0, 0.0]], "M_AK": [[0.009408206304308938, 0.009408206304310014, 0.072675969174105, 0.33203103033041786, 0.28823829394342904, 0.28823829394342904], [0.2413801935854981, 0.2413801935854973, 0.29899558979883833, 0.12140567249999266, 0.04841917526508672, 0.04841917526508672]], "V_T1_WKA": [[0.5773502691896258, 0.5773502691896258, 0.5773502691896258, 0.0, 0.0, 0.0], [0.0, 0.0, 0.0, 0.5773502691896258, 0.5773502691896258, 0.5773502691896258]], "V_T2_WKA": [[0.5, 0.5, 0.0, 0.0, 0.5, 0.45], [0.0, 0.0, 0.7071067811865475, 0.7071067811865475, 0.0, 0.0]], "V_T3_WKA": [[0.35355339059327356, 0.35355339059327345, 0.5, 0.5000000000000003, 0.3535533905932738, 0.3535533905932738], [-0.44403691698855763, -0.4440369169885577, -0.32505758367186827, 0.32505758367186793, 0.44403691698855763, 0.44403691698855763]], "M_WKA": [[0.38508761267696806, 0.0, 0.0, 0.0, 0.283701908917279, 0.331210478405753], [0.0, 0.34279256938663477, 0.3462273168847256, 0.3109801137285752, 6.453099225275826e-14, 0.0]], "V_T1_WAK": [[0.5773502691896258, 0.5773502691896258, 0.5773502691896258, 0.0, 0.0, 0.0], [0.0, 0.0, 0.0, 0.5773502691896258, 0.5773502691896258, 0.5773502691896258]], "V_T2_WAK": [[0.35355339059327356, 0.35355339059327345, 0.5, 0.5000000000000003, 0.3535533905932738, 0.3535533905932738], [-0.44403691698855763, -0.4440369169885577, -0.32505758367186827, 0.32505758367186793, 0.44403691698855763, 0.44403691698855763]], "V_T3_WAK": [[0.5, 0.5, 0.0, 0.0, 0.5, 0.45], [0.0, 0.0, 0.7071067811865475, 0.7071067811865475, 0.0, 0.0]], "M_WAK": [[0.33333311970716906, 0.3333340676033467, 0.33333281268948417, 0.0, 0.0, 0.0], [0.0, 0.0, 3.0644928738656687e-19, 0.3333333351056983, 0.33333328689966757, 0.3333333779946341]], "V_T1_KWA": [[0.5, 0.5, 0.0, 0.0, 0.5, 0.45], [0.0, 0.0, 0.7071067811865475, 0.7071067811865475, 0.0, 0.0]], "V_T2_KWA": [[0.5773502691896258, 0.5773502691896258, 0.5773502691896258, 0.0, 0.0, 0.0], [0.0, 0.0, 0.0, 0.5773502691896258, 0.5773502691896258, 0.5773502691896258]], "V_T3_KWA": [[0.35355339059327356, 0.35355339059327345, 0.5, 0.5000000000000003, 0.3535533905932738, 0.3535533905932738], [-0.44403691698855763, -0.4440369169885577, -0.32505758367186827, 0.32505758367186793, 0.44403691698855763, 0.44403691698855763]], "M_KWA": [[0.0, 0.0, 0.9724325772780046, 0.027567422721995305, 0.0, 0.0], [0.32993171943644484, 0.15230092089403774, 0.0, 0.05824323570758488, 0.24656990877394888, 0.21295421518798363]], "V_T1_KAW": [[0.5, 0.5, 0.0, 0.0, 0.5, 0.45], [0.0, 0.0, 0.7071067811865475, 0.7071067811865475, 0.0, 0.0]], "V_T2_KAW": [[0.35355339059327356, 0.35355339059327345, 0.5, 0.5000000000000003, 0.3535533905932738, 0.3535533905932738], [-0.44403691698855763, -0.4440369169885577, -0.32505758367186827, 0.32505758367186793, 0.44403691698855763, 0.44403691698855763]], "V_T3_KAW": [[0.5773502691896258, 0.5773502691896258, 0.5773502691896258, 0.0, 0.0, 0.0], [0.0, 0.0, 0.0, 0.5773502691896258, 0.5773502691896258, 0.5773502691896258]], "M_KAW": [[0.14971672557822518, 0.1497167255778828, 0.2080523851224399, 0.2080523851224399, 0.1497167255778828, 0.13474505302112919], [0.15026591842745568, 0.1502659184275833, 0.2069814590664693, 0.2069814590664693, 0.1502659184275833, 0.1352393265844393]], "V_T1_AWK": [[0.35355339059327356, 0.35355339059327345, 0.5, 0.5000000000000003, 0.3535533905932738, 0.3535533905932738], [-0.44403691698855763, -0.4440369169885577, -0.32505758367186827, 0.32505758367186793, 0.44403691698855763, 0.44403691698855763]],