{"W": [[0.2, 0.0, 0.0, 0.0, 0.0, 0.0], [0.0, -0.2, 0.0, 0.0, 0.0, 0.0], [0.0, 0.0, 0.2, 0.0, 0.0, 0.0], [0.0, 0.0, 0.0, -0.2, 0.0, 0.0], [0.0, 0.0, 0.0, 0.0, 0.2, 0.0], [0.0, 0.0, 0.0, 0.0, 0.0, -0.2]], "K": [[2, 0, 0, 0, 0, 0], [0, 2, 0, 0, 0, 0], [0, 0, 3, 0, 0, 0], [0, 0, 0, 3, 0, 0], [0, 0, 0, 0, 2, 0], [0, 0, 0, 0, 0, 2]], "A": [[0, 1, 1, 0, 0, 0], [1, 0, 1, 0, 0, 0], [1, 1, 0, 1, 0, 0], [0, 0, 1, 0, 1, 1], [0, 0, 0, 1, 0, 1], [0, 0, 0, 1, 1, 0]], "V_W": [[0.5773502691896258, 0.0, 0.5773502691896258, 0.0, 0.5773502691896258, 0.0], [0.0, 0.5773502691896258, 0.0, 0.5773502691896258, 0.0, 0.5773502691896258]], "M_W": [[0.3333333333333333, 0.0, 0.3333333333333333, 0.0, 0.3333333333333333, 0.0], [0.0, 0.3333333333333333, 0.0, 0.3333333333333333, 0.0, 0.3333333333333333]], "V_K": [[0.5, 0.5, 0.0, 0.0, 0.5, 0.5], [0.0, 0.0, 0.7071067811865475, 0.7071067811865475, 0.0, 0.0]], "M_K": [[0.25, 0.25, 0.0, 0.0, 0.25, 0.25], [0.0, 0.0, 0.5, 0.5, 0.0, 0.0]], "V_A": [[0.35355339059327356, 0.35355339059327345, 0.5, 0.5000000000000003, 0.3535533905932738, 0.3535533905932738], [-0.44403691698855763, -0.4440369169885577, -0.32505758367186827, 0.32505758367186793, 0.44403691698855763, 0.44403691698855763]], "M_A": [[4.7486610757672505e-117, 1.3501813393976069e-117, 2.8570397212361665e-116, 0.2739023392833197, 0.36304883118576015, 0.3630488295309202], [0.26542236181753975, 0.2654223618175405, 0.3805848181083493, 0.08857045825657062, 5e-324, 5e-324]], "V_T1_WK": [[0.5773502691896258, 0.0, 0.5773502691896258, 0.0, 0.5773502691896258, 0.0], [0.0, 0.5773502691896258, 0.0, 0.5773502691896258, 0.0, 0.5773502691896258]], "V_T2_WK": [[0.5, 0.5, 0.0, 0.0, 0.5, 0.5], [0.0, 0.0, 0.7071067811865475, 0.7071067811865475, 0.0, 0.0]], "M_WK": [[0.25102920753482905, 0.30006766203476354, 0.10405186931604081, 0.03698323265905291, 0.06015723409076798, 0.24771079436454568], [0.13666986723362465, 0.11923325770286511, 0.18893061815910123, 0.21277822186263648, 0.20453823921329303, 0.1378497958284795]], "V_T1_WA": [[0.5773502691896258, 0.0, 0.5773502691896258, 0.0, 0.5773502691896258, 0.0], [0.0, 0.5773502691896258, 0.0, 0.5773502691896258, 0.0, 0.5773502691896258]], "V_T2_WA": [[0.35355339059327356, 0.35355339059327345, 0.5, 0.5000000000000003, 0.3535533905932738, 0.3535533905932738], [-0.44403691698855763, -0.4440369169885577, -0.32505758367186827, 0.32505758367186793, 0.44403691698855763, 0.44403691698855763]], "M_WA": [[3.1753190612850354e-08, 0.3333332466543052, 3.3110849159858717e-09, 0.33333327526981826, 1.0532498315131363e-08, 0.33333343247910263], [0.33199982916029325, 0.0013335635045826787, 0.33199984986882464, 0.0013335363903341048, 0.33199984461095633, 0.0013333764650090216]], "V_T1_KW": [[0.5, 0.5, 0.0, 0.0, 0.5, 0.5], [0.0, 0.0, 0.7071067811865475, 0.7071067811865475, 0.0, 0.0]], "V_T2_KW": [[0.5773502691896258, 0.0, 0.5773502691896258, 0.0, 0.5773502691896258, 0.0], [0.0, 0.5773502691896258, 0.0, 0.5773502691896258, 0.0, 0.5773502691896258]], "M_KW": [[0.3101331255074559, 0.1503224540254251, 0.12791706947111162, 0.17854873599830287, 0.17046719041073402, 0.06261142458697043], [0.09061572809275964, 0.1753306618726635, 0.1872076576404046, 0.1603680339955001, 0.16465202575237817, 0.22182589264629404]], "V_T1_KA": [[0.5, 0.5, 0.0, 0.0, 0.5, 0.5], [0.0, 0.0, 0.7071067811865475, 0.7071067811865475, 0.0, 0.0]], "V_T2_KA": [[0.35355339059327356, 0.35355339059327345, 0.5, 0.5000000000000003, 0.3535533905932738, 0.3535533905932738], [-0.44403691698855763, -0.4440369169885577, -0.32505758367186827, 0.32505758367186793, 0.44403691698855763, 0.44403691698855763]], "M_KA": [[0.14817132293854424, 0.14647104229258504, 0.19609795374783298, 0.21696539441297527, 0.14481025492021743, 0.1474840316878451], [0.14644660925518627, 0.14644660925518627, 0.20710678148962752, 0.20710678148962744, 0.14644660925518627, 0.14644660925518627]], "V_T1_AW": [[0.35355339059327356, 0.35355339059327345, 0.5, 0.5000000000000003, 0.3535533905932738, 0.3535533905932738], [-0.44403691698855763, -0.4440369169885577, -0.32505758367186827, 0.32505758367186793, 0.44403691698855763, 0.44403691698855763]], "V_T2_AW": [[0.5773502691896258, 0.0, 0.5773502691896258, 0.0, 0.5773502691896258, 0.0], [0.0, 0.5773502691896258, 0.0, 0.5773502691896258, 0.0, 0.5773502691896258]], "M_AW": [[0.2963347276967961, 0.296334727696796, 0.3549901209489171, 0.05234042365749085, 5.129191177716004e-54, 5.705652925284173e-54], [2.0487812895864113e-58, 1.560659120342153e-58, 0.052340423652204926, 0.3549901209475176, 0.2963347277001387, 0.2963347277001387]], "V_T1_AK": [[0.35355339059327356, 0.35355339059327345, 0.5, 0.5000000000000003, 0.3535533905932738, 0.3535533905932738], [-0.44403691698855763, -0.4440369169885577, -0.32505758367186827, 0.32505758367186793, 0.44403691698855763, 0.44403691698855763]], "V_T2_AK": [[0.5, 0.5, 0.0, 0.0, 0.5, 0.5], [0.0, 0.0, 0.7071067811865475, 0.7071067811865475, 0.0, 0.0]], "M_AK": [[0.12097912294746109, 0.11468054357507002, 0.17685806602369858, 0.202764688577957, 0.21049621396835239, 0.174221364907461], [0.160663728040275, 0.1641798838377204, 0.22399300090322474, 0.20953073636692748, 0.11069118344660944, 0.13094146740524287]], "V_T1_WKA": [[0.5773502691896258, 0.0, 0.5773502691896258, 0.0, 0.5773502691896258, 0.0], [0.0, 0.5773502691896258, 0.0, 0.5773502691896258, 0.0, 0.5773502691896258]], "V_T2_WKA": [[0.5, 0.5, 0.0, 0.0, 0.5, 0.5], [0.0, 0.0, 0.7071067811865475, 0.7071067811865475, 0.0, 0.0]], "V_T3_WKA": [[0.35355339059327356, 0.35355339059327345, 0.5, 0.5000000000000003, 0.3535533905932738, 0.3535533905932738], [-0.44403691698855763, -0.4440369169885577, -0.32505758367186827, 0.32505758367186793, 0.44403691698855763, 0.44403691698855763]], "M_WKA": [[0.16666666666666674, 0.16666666666666674, 0.16666666666666666, 0.1666666666666666, 0.16666666666666674, 0.16666666666666663], [0.16504221442870606, 0.16501788690380922, 0.16778533316772062, 0.16903964411379907, 0.16496450016521294, 0.16815042122075205]], "V_T1_WAK": [[0.5773502691896258, 0.0, 0.5773502691896258, 0.0, 0.5773502691896258, 0.0], [0.0, 0.5773502691896258, 0.0, 0.5773502691896258, 0.0, 0.5773502691896258]], "V_T2_WAK": [[0.35355339059327356, 0.35355339059327345, 0.5, 0.5000000000000003, 0.3535533905932738, 0.3535533905932738], [-0.44403691698855763, -0.4440369169885577, -0.32505758367186827, 0.32505758367186793, 0.44403691698855763, 0.44403691698855763]], "V_T3_WAK": [[0.5, 0.5, 0.0, 0.0, 0.5, 0.5], [0.0, 0.0, 0.7071067811865475, 0.7071067811865475, 0.0, 0.0]], "M_WAK": [[0.1477521058847103, 0.10515605206998895, 0.15243187974003802, 0.10451554948941778, 0.44394652188751166, 0.046197890928333374], [0.17240202942487015, 0.18531820672931162, 0.17098300621856521, 0.18551242295719492, 0.08258855491105255, 0.20319577975900557]], "V_T1_KWA": [[0.5, 0.5, 0.0, 0.0, 0.5, 0.5], [0.0, 0.0, 0.7071067811865475, 0.7071067811865475, 0.0, 0.0]], "V_T2_KWA": [[0.5773502691896258, 0.0, 0.5773502691896258, 0.0, 0.5773502691896258, 0.0], [0.0, 0.5773502691896258, 0.0, 0.5773502691896258, 0.0, 0.5773502691896258]], "V_T3_KWA": [[0.35355339059327356, 0.35355339059327345, 0.5, 0.5000000000000003, 0.3535533905932738, 0.3535533905932738], [-0.44403691698855763, -0.4440369169885577, -0.32505758367186827, 0.32505758367186793, 0.44403691698855763, 0.44403691698855763]], "M_KWA": [[0.16666666666666655, 0.16666666666666666, 0.16666666666666677, 0.16666666666666655, 0.16666666666666669, 0.16666666666666666], [0.1721722530413485, 0.167714307189815, 0.1592972734885108, 0.16994110687195915, 0.16521942882982632, 0.16565563057854032]], "V_T1_KAW": [[0.5, 0.5, 0.0, 0.0, 0.5, 0.5], [0.0, 0.0, 0.7071067811865475, 0.7071067811865475, 0.0, 0.0]], "V_T2_KAW": [[0.35355339059327356, 0.35355339059327345, 0.5, 0.5000000000000003, 0.3535533905932738, 0.3535533905932738], [-0.44403691698855763, -0.4440369169885577, -0.32505758367186827, 0.32505758367186793, 0.44403691698855763, 0.44403691698855763]],