{"W": [[0.2, 0.0, 0.0, 0.0, 0.0, 0.0], [0.0, 0.2, 0.0, 0.0, 0.0, 0.0], [0.0, 0.0, 0.2, 0.0, 0.0, 0.0], [0.0, 0.0, 0.0, -0.2, 0.0, 0.0], [0.0, 0.0, 0.0, 0.0, -0.2, 0.0], [0.0, 0.0, 0.0, 0.0, 0.0, -0.2]], "K": [[2, 0, 0, 0, 0, 0], [0, 2, 0, 0, 0, 0], [0, 0, 3, 0, 0, 0], [0, 0, 0, 3, 0, 0], [0, 0, 0, 0, 2, 0], [0, 0, 0, 0, 0, 2]], "A": [[0, 1, 1, 0, 0, 0], [1, 0, 1, 0, 0, 0], [1, 1, 0, 1, 0, 0], [0, 0, 1, 0, 1, 1], [0, 0, 0, 1, 0, 1], [0, 0, 0, 1, 1, 0]], "V_W": [[0.5773502691896258, 0.5773502691896258, 0.5773502691896258, 0.0, 0.0, 0.0], [0.0, 0.0, 0.0, 0.5773502691896258, 0.5773502691896258, 0.5773502691896258]], "M_W": [[0.3333333333333333, 0.3333333333333333, 0.3333333333333333, 0.0, 0.0, 0.0], [0.0, 0.0, 0.0, 0.3333333333333333, 0.3333333333333333, 0.3333333333333333]], "V_K": [[0.5, 0.5, 0.0, 0.0, 0.5, 0.0], [0.0, 0.0, 0.7071067811865475, 0.7071067811865475, 0.0, 0.0]], "M_K": [[0.0, 0.0, 0.5, 0.5, 0.0, 0.0], [0.3333333333333333, 0.3333333333333333, 0.0, 0.0, 0.3333333333333333, 0.0]], "V_A": [[0.35355339059327356, 0.35355339059327345, 0.5, 0.5000000000000003, 0.3535533905932738, 0.3535533905932738], [-0.44403691698855763, -0.4440369169885577, -0.32505758367186827, 0.32505758367186793, 0.44403691698855763, 0.44403691698855763]], "M_A": [[0.32669236528358525, 0.32669236528358525, 0.3466152694328296, 0.0, 0.0, 0.0], [0.0, 0.0, 5.095587073191676e-19, 0.3620897998513846, 0.31895510007430766, 0.31895510007430766]], "V_T1_WK": [[0.5773502691896258, 0.5773502691896258, 0.5773502691896258, 0.0, 0.0, 0.0], [0.0, 0.0, 0.0, 0.5773502691896258, 0.5773502691896258, 0.5773502691896258]], "V_T2_WK": [[0.5, 0.5, 0.0, 0.0, 0.5, 0.0], [0.0, 0.0, 0.7071067811865475, 0.7071067811865475, 0.0, 0.0]], "M_WK": [[0.33333245222598884, 0.33333245222598884, 0.33333245222598884, 8.811073444715534e-07, 8.811073444434382e-07, 8.811073444809043e-07], [3.9777212222431797e-42, 1.700224781691934e-42, 9.023596593347308e-43, 0.3333333333333333, 0.3333333333333333, 0.3333333333333333]], "V_T1_WA": [[0.5773502691896258, 0.5773502691896258, 0.5773502691896258, 0.0, 0.0, 0.0], [0.0, 0.0, 0.0, 0.5773502691896258, 0.5773502691896258, 0.5773502691896258]], "V_T2_WA": [[0.35355339059327356, 0.35355339059327345, 0.5, 0.5000000000000003, 0.3535533905932738, 0.3535533905932738], [-0.44403691698855763, -0.4440369169885577, -0.32505758367186827, 0.32505758367186793, 0.44403691698855763, 0.44403691698855763]], "M_WA": [[0.0, 0.0, 0.0, 0.3333333333333333, 0.3333333333333333, 0.3333333333333333], [0.33333333333371146, 0.33333333333210785, 0.3333333333341807, 5.193682680192142e-45, 5.193682680192142e-45, 5.193682680192142e-45]], "V_T1_KW": [[0.5, 0.5, 0.0, 0.0, 0.5, 0.0], [0.0, 0.0, 0.7071067811865475, 0.7071067811865475, 0.0, 0.0]], "V_T2_KW": [[0.5773502691896258, 0.5773502691896258, 0.5773502691896258, 0.0, 0.0, 0.0], [0.0, 0.0, 0.0, 0.5773502691896258, 0.5773502691896258, 0.5773502691896258]], "M_KW": [[7.991122627033981e-07, 7.991118571990755e-07, 0.4999988013315947, 0.4999988013315947, 7.991126906893574e-07, 0.0], [0.3333333333333333, 0.33333333333333465, 4.460767187253237e-21, 4.276730368717329e-22, 0.33333333333333204, 0.0]], "V_T1_KA": [[0.5, 0.5, 0.0, 0.0, 0.5, 0.0], [0.0, 0.0, 0.7071067811865475, 0.7071067811865475, 0.0, 0.0]], "V_T2_KA": [[0.35355339059327356, 0.35355339059327345, 0.5, 0.5000000000000003, 0.3535533905932738, 0.3535533905932738], [-0.44403691698855763, -0.4440369169885577, -0.32505758367186827, 0.32505758367186793, 0.44403691698855763, 0.44403691698855763]], "M_KA": [[0.3333333333333331, 0.3333333333333335, 9.299056894039249e-96, 9.29905689389137e-96, 0.3333333333333333, 0.0], [0.0, 0.0, 0.5000000000039803, 0.49999999999601974, 0.0, 0.0]], "V_T1_AW": [[0.35355339059327356, 0.35355339059327345, 0.5, 0.5000000000000003, 0.3535533905932738, 0.3535533905932738], [-0.44403691698855763, -0.4440369169885577, -0.32505758367186827, 0.32505758367186793, 0.44403691698855763, 0.44403691698855763]], "V_T2_AW": [[0.5773502691896258, 0.5773502691896258, 0.5773502691896258, 0.0, 0.0, 0.0], [0.0, 0.0, 0.0, 0.5773502691896258, 0.5773502691896258, 0.5773502691896258]], "M_AW": [[0.0, 0.0, 0.0, 0.3394611383991429, 0.33014801878254224, 0.3303908428183149], [0.3089388772717173, 0.3089388772717173, 0.38212224545656537, 1.448535413508783e-19, 0.0, 0.0]], "V_T1_AK": [[0.35355339059327356, 0.35355339059327345, 0.5, 0.5000000000000003, 0.3535533905932738, 0.3535533905932738], [-0.44403691698855763, -0.4440369169885577, -0.32505758367186827, 0.32505758367186793, 0.44403691698855763, 0.44403691698855763]], "V_T2_AK": [[0.5, 0.5, 0.0, 0.0, 0.5, 0.0], [0.0, 0.0, 0.7071067811865475, 0.7071067811865475, 0.0, 0.0]], "M_AK": [[0.2758054240394924, 0.27580542403949226, 0.3545902951797167, 0.09379885674129876, 7.648735195376201e-20, 7.648735195376201e-20], [2.4944716196615246e-46, 2.4944716196614476e-46, 1.160082548961042e-06, 0.34491547938569994, 0.32754168026587555, 0.32754168026587555]], "V_T1_WKA": [[0.5773502691896258, 0.5773502691896258, 0.5773502691896258, 0.0, 0.0, 0.0], [0.0, 0.0, 0.0, 0.5773502691896258, 0.5773502691896258, 0.5773502691896258]], "V_T2_WKA": [[0.5, 0.5, 0.0, 0.0, 0.5, 0.0], [0.0, 0.0, 0.7071067811865475, 0.7071067811865475, 0.0, 0.0]], "V_T3_WKA": [[0.35355339059327356, 0.35355339059327345, 0.5, 0.5000000000000003, 0.3535533905932738, 0.3535533905932738], [-0.44403691698855763, -0.4440369169885577, -0.32505758367186827, 0.32505758367186793, 0.44403691698855763, 0.44403691698855763]], "M_WKA": [[0.2772303091463101, 0.19903294000459262, 0.0, 0.19414479572037394, 0.12790298549460913, 0.20168896963411412], [0.0, 0.0, 0.9999916261093166, 0.0, 8.373890683524755e-06, 0.0]], "V_T1_WAK": [[0.5773502691896258, 0.5773502691896258, 0.5773502691896258, 0.0, 0.0, 0.0], [0.0, 0.0, 0.0, 0.5773502691896258, 0.5773502691896258, 0.5773502691896258]], "V_T2_WAK": [[0.35355339059327356, 0.35355339059327345, 0.5, 0.5000000000000003, 0.3535533905932738, 0.3535533905932738], [-0.44403691698855763, -0.4440369169885577, -0.32505758367186827, 0.32505758367186793, 0.44403691698855763, 0.44403691698855763]], "V_T3_WAK": [[0.5, 0.5, 0.0, 0.0, 0.5, 0.0], [0.0, 0.0, 0.7071067811865475, 0.7071067811865475, 0.0, 0.0]], "M_WAK": [[5.166326098797634e-07, 5.166326093713144e-07, 5.166326100173206e-07, 0.33333281670072357, 0.33333281670072357, 0.33333281670072357], [0.3333333333333333, 0.3333333333333333, 0.3333333333333333, 4.171499241625292e-70, 5.006050559664319e-69, 1.3004002863368988e-68]], "V_T1_KWA": [[0.5, 0.5, 0.0, 0.0, 0.5, 0.0], [0.0, 0.0, 0.7071067811865475, 0.7071067811865475, 0.0, 0.0]], "V_T2_KWA": [[0.5773502691896258, 0.5773502691896258, 0.5773502691896258, 0.0, 0.0, 0.0], [0.0, 0.0, 0.0, 0.5773502691896258, 0.5773502691896258, 0.5773502691896258]], "V_T3_KWA": [[0.35355339059327356, 0.35355339059327345, 0.5, 0.5000000000000003, 0.3535533905932738, 0.3535533905932738], [-0.44403691698855763, -0.4440369169885577, -0.32505758367186827, 0.32505758367186793, 0.44403691698855763, 0.44403691698855763]], "M_KWA": [[0.21001490118138832, 0.36533465144194854, 0.3801613001659205, 0.0, 0.0, 0.04448914721074254], [4.93378395928886e-08, 0.0, 0.0, 0.44932698708856167, 0.5506729635735987, 0.0]], "V_T1_KAW": [[0.5, 0.5, 0.0, 0.0, 0.5, 0.0], [0.0, 0.0, 0.7071067811865475, 0.7071067811865475, 0.0, 0.0]], "V_T2_KAW": [[0.35355339059327356, 0.35355339059327345, 0.5, 0.5000000000000003, 0.3535533905932738, 0.3535533905932738], [-0.44403691698855763, -0.4440369169885577, -0.32505758367186827, 0.32505758367186793, 0.44403691698855763, 0.44403691698855763]], "V_T3_KAW": [[0.5773502691896258, 0.5773502691896258, 0.5773502691896258, 0.0, 0.0, 0.0], [0.0, 0.0, 0.0, 0.5773502691896258, 0.5773502691896258, 0.5773502691896258]], "M_KAW": [[0.3333329625277411, 0.3333330785300355, 0.0, 1.481996271394417e-24, 0.3333339589422235, 0.0], [0.0, 0.0, 0.5000012553881223, 0.4999987446118777, 0.0, 0.0]],