{"W": [[0.2, 0.0, 0.0, 0.0, 0.0, 0.0], [0.0, -0.2, 0.0, 0.0, 0.0, 0.0], [0.0, 0.0, 0.2, 0.0, 0.0, 0.0], [0.0, 0.0, 0.0, -0.2, 0.0, 0.0], [0.0, 0.0, 0.0, 0.0, 0.2, 0.0], [0.0, 0.0, 0.0, 0.0, 0.0, -0.2]], "K": [[2, 0, 0, 0, 0, 0], [0, 2, 0, 0, 0, 0], [0, 0, 3, 0, 0, 0], [0, 0, 0, 3, 0, 0], [0, 0, 0, 0, 2, 0], [0, 0, 0, 0, 0, 2]], "A": [[0, 1, 1, 0, 0, 0], [1, 0, 1, 0, 0, 0], [1, 1, 0, 1, 0, 0], [0, 0, 1, 0, 1, 1], [0, 0, 0, 1, 0, 1], [0, 0, 0, 1, 1, 0]], "V_W": [[0.5773502691896258, 0.0, 0.5773502691896258, 0.0, 0.5773502691896258, 0.0], [0.0, 0.0, 0.0, 1.0, 0.0, 0.0], [0.0, 0.7071067811865475, 0.0, 0.0, 0.0, 0.7071067811865475]], "M_W": [[0.3333333333333333, 0.0, 0.3333333333333333, 0.0, 0.3333333333333333, 0.0], [0.0, 0.0, 0.0, 1.0, 0.0, 0.0], [0.0, 0.5, 0.0, 0.0, 0.0, 0.5]], "V_K": [[0.7071067811865475, 0.7071067811865475, 0.0, 0.0, 0.0, 0.0], [0.0, 0.0, 0.7071067811865475, 0.7071067811865475, 0.0, 0.0], [0.0, 0.0, 0.0, 0.0, 0.7071067811865475, 0.7071067811865475]], "M_K": [[0.5, 0.5, 0.0, 0.0, 0.0, 0.0], [0.0, 0.0, 0.5, 0.5, 0.0, 0.0], [0.0, 0.0, 0.0, 0.0, 0.5, 0.5]], "V_A": [[0.35355339059327356, 0.35355339059327345, 0.5, 0.5000000000000003, 0.3535533905932738, 0.3535533905932738], [-0.44403691698855763, -0.4440369169885577, -0.32505758367186827, 0.32505758367186793, 0.44403691698855763, 0.44403691698855763], [-0.35355339059327345, -0.35355339059327395, 0.5, 0.5, -0.3535533905932739, -0.3535533905932739]], "M_A": [[0.002829687914882149, 0.0028296879148815364, 0.994340613330854, 1.083938240994661e-08, 0.0, 0.0], [0.0, 0.0, 0.0, 8.836052890079697e-05, 0.4999558197355496, 0.4999558197355496], [1.5598096619439507e-12, 1.5648717080641936e-12, 5.470799586600897e-10, 0.9999999994497953, 9.748428007354039e-23, 2.026367270067712e-22]], "V_T1_WK": [[0.5773502691896258, 0.0, 0.5773502691896258, 0.0, 0.5773502691896258, 0.0], [0.0, 0.0, 0.0, 1.0, 0.0, 0.0], [0.0, 0.7071067811865475, 0.0, 0.0, 0.0, 0.7071067811865475]], "V_T2_WK": [[0.7071067811865475, 0.7071067811865475, 0.0, 0.0, 0.0, 0.0], [0.0, 0.0, 0.7071067811865475, 0.7071067811865475, 0.0, 0.0], [0.0, 0.0, 0.0, 0.0, 0.7071067811865475, 0.7071067811865475]], "M_WK": [[0.3332231214800729, 8.660234061075439e-05, 0.33323067967227055, 3.388136720575992e-05, 0.3332588881863264, 0.0001668269535136505], [0.00026997102259871113, 0.0, 0.00026244647517720114, 0.9992332022074452, 0.00023438029477895332, 0.0], [0.0005234975848748776, 0.4992764400990787, 0.000515951955270038, 0.0, 0.0004877819575615398, 0.49919632840321493]], "V_T1_WA": [[0.5773502691896258, 0.0, 0.5773502691896258, 0.0, 0.5773502691896258, 0.0], [0.0, 0.0, 0.0, 1.0, 0.0, 0.0], [0.0, 0.7071067811865475, 0.0, 0.0, 0.0, 0.7071067811865475]], "V_T2_WA": [[0.35355339059327356, 0.35355339059327345, 0.5, 0.5000000000000003, 0.3535533905932738, 0.3535533905932738], [-0.44403691698855763, -0.4440369169885577, -0.32505758367186827, 0.32505758367186793, 0.44403691698855763, 0.44403691698855763], [-0.35355339059327345, -0.35355339059327395, 0.5, 0.5, -0.3535533905932739, -0.3535533905932739]], "M_WA": [[0.1724718303252913, 0.19991579898327627, 0.1796815740488038, 0.0002944519120600071, 0.18664078085597088, 0.2609955638745977], [0.28247959306027265, 0.15602468907380332, 0.26850831032592265, 0.00030262405032350565, 0.2550225235448673, 0.03766225994481059], [1.2414038078378594e-08, 9.020419899238867e-09, 8.21360242709784e-09, 0.9999999465517415, 1.1160292533240166e-08, 1.2639905529128026e-08]], "V_T1_KW": [[0.7071067811865475, 0.7071067811865475, 0.0, 0.0, 0.0, 0.0], [0.0, 0.0, 0.7071067811865475, 0.7071067811865475, 0.0, 0.0], [0.0, 0.0, 0.0, 0.0, 0.7071067811865475, 0.7071067811865475]], "V_T2_KW": [[0.5773502691896258, 0.0, 0.5773502691896258, 0.0, 0.5773502691896258, 0.0], [0.0, 0.0, 0.0, 1.0, 0.0, 0.0], [0.0, 0.7071067811865475, 0.0, 0.0, 0.0, 0.7071067811865475]], "M_KW": [[0.24229820011929526, 0.22862621328633911, 6.641054087227905e-13, 4.160906380788567e-12, 0.28354766525586744, 0.24552792133367327], [9.841499416228147e-16, 2.965714367136138e-18, 0.49999999983351523, 0.4999999999122396, 2.542406671787286e-10, 3.475828613369026e-15], [0.2774661204810446, 0.32628170092120523, 6.603243441691576e-05, 6.603170285082332e-05, 0.13018565486142922, 0.2659344595990534]], "V_T1_KA": [[0.7071067811865475, 0.7071067811865475, 0.0, 0.0, 0.0, 0.0], [0.0, 0.0, 0.7071067811865475, 0.7071067811865475, 0.0, 0.0], [0.0, 0.0, 0.0, 0.0, 0.7071067811865475, 0.7071067811865475]], "V_T2_KA": [[0.35355339059327356, 0.35355339059327345, 0.5, 0.5000000000000003, 0.3535533905932738, 0.3535533905932738], [-0.44403691698855763, -0.4440369169885577, -0.32505758367186827, 0.32505758367186793, 0.44403691698855763, 0.44403691698855763], [-0.35355339059327345, -0.35355339059327395, 0.5, 0.5, -0.3535533905932739, -0.3535533905932739]], "M_KA": [[0.0, 0.0, 6.419196100381605e-31, 3.8952120487825737e-31, 0.5, 0.5], [0.0, 0.0, 0.4675373167304392, 0.5324626832695591, 4.1536585319764964e-16, 1.3745510943402628e-15], [0.07773952413157942, 0.07773952413157943, 0.4222604758684402, 0.42226047586840093, 1.2450623521491185e-141, 4.222743095011998e-142]], "V_T1_AW": [[0.35355339059327356, 0.35355339059327345, 0.5, 0.5000000000000003, 0.3535533905932738, 0.3535533905932738], [-0.44403691698855763, -0.4440369169885577, -0.32505758367186827, 0.32505758367186793, 0.44403691698855763, 0.44403691698855763], [-0.35355339059327345, -0.35355339059327395, 0.5, 0.5, -0.3535533905932739, -0.3535533905932739]], "V_T2_AW": [[0.5773502691896258, 0.0, 0.5773502691896258, 0.0, 0.5773502691896258, 0.0], [0.0, 0.0, 0.0, 1.0, 0.0, 0.0], [0.0, 0.7071067811865475, 0.0, 0.0, 0.0, 0.7071067811865475]], "M_AW": [[0.0, 0.0, 1.0, 1.2278089306496945e-45, 1.2997473088596815e-107, 2.270996480577441e-106], [0.280531922503478, 0.28053192250347814, 9e-323, 2.5e-323, 0.21946807749653793, 0.2194680774965058], [0.0, 0.0, 0.0317683083292298, 0.7987804498868694, 0.08472562089199254, 0.08472562089190823]], "V_T1_AK": [[0.35355339059327356, 0.35355339059327345, 0.5, 0.5000000000000003, 0.3535533905932738, 0.3535533905932738], [-0.44403691698855763, -0.4440369169885577, -0.32505758367186827, 0.32505758367186793, 0.44403691698855763, 0.44403691698855763], [-0.35355339059327345, -0.35355339059327395, 0.5, 0.5, -0.3535533905932739, -0.3535533905932739]], "V_T2_AK": [[0.7071067811865475, 0.7071067811865475, 0.0, 0.0, 0.0, 0.0], [0.0, 0.0, 0.7071067811865475, 0.7071067811865475, 0.0, 0.0], [0.0, 0.0, 0.0, 0.0, 0.7071067811865475, 0.7071067811865475]], "M_AK": [[0.0, 0.0, 0.5000743358609956, 0.4999256641390045, 0.0, 0.0], [0.0, 0.0, 0.0, 0.026500800120254714, 0.4867495999394049, 0.48674959994034034], [0.4999999999998429, 0.49999999999984307, 0.0, 0.0, 3.139960490977774e-13, 3.7432060062068655e-60]], "V_T1_WKA": [[0.5773502691896258, 0.0, 0.5773502691896258, 0.0, 0.5773502691896258, 0.0], [0.0, 0.0, 0.0, 1.0, 0.0, 0.0], [0.0, 0.7071067811865475, 0.0, 0.0, 0.0, 0.7071067811865475]], "V_T2_WKA": [[0.7071067811865475, 0.7071067811865475, 0.0, 0.0, 0.0, 0.0], [0.0, 0.0, 0.7071067811865475, 0.7071067811865475, 0.0, 0.0], [0.0, 0.0, 0.0, 0.0, 0.7071067811865475, 0.7071067811865475]], "V_T3_WKA": [[0.35355339059327356, 0.35355339059327345, 0.5, 0.5000000000000003, 0.3535533905932738, 0.3535533905932738], [-0.44403691698855763, -0.4440369169885577, -0.32505758367186827, 0.32505758367186793, 0.44403691698855763, 0.44403691698855763], [-0.35355339059327345, -0.35355339059327395, 0.5, 0.5, -0.3535533905932739, -0.3535533905932739]], "M_WKA": [[0.22481594260496615, 0.10316196721078028, 0.2063763917407863, 0.0017434252812141137, 0.2589242198368149, 0.20497805332543814], [0.19147732348322483, 0.29342176865187036, 0.2170454325737906, 0.0016278478091208742, 0.14418310147587493, 0.15224452600611843], [1.264368551175842e-09, 1.5694988969519001e-09, 4.983910168694397e-09, 0.9999999894662399, 2.1422383833575344e-09, 5.737440965820975e-10]],