{"W": [[0.2, 0.0, 0.0, 0.0, 0.0, 0.0], [0.0, -0.2, 0.0, 0.0, 0.0, 0.0], [0.0, 0.0, 0.2, 0.0, 0.0, 0.0], [0.0, 0.0, 0.0, -0.2, 0.0, 0.0], [0.0, 0.0, 0.0, 0.0, 0.2, 0.0], [0.0, 0.0, 0.0, 0.0, 0.0, -0.2]], "K": [[2, 0, 0, 0, 0, 0], [0, 2, 0, 0, 0, 0], [0, 0, 3, 0, 0, 0], [0, 0, 0, 3, 0, 0], [0, 0, 0, 0, 2, 0], [0, 0, 0, 0, 0, 2]], "A": [[0, 1, 1, 0, 0, 0], [1, 0, 1, 0, 0, 0], [1, 1, 0, 1, 0, 0], [0, 0, 1, 0, 1, 1], [0, 0, 0, 1, 0, 1], [0, 0, 0, 1, 1, 0]], "V_W": [[0.5773502691896258, 0.0, 0.5773502691896258, 0.0, 0.5773502691896258, 0.0], [0.0, 0.5773502691896258, 0.0, 0.5773502691896258, 0.0, 0.5773502691896258]], "M_W": [[0.3333333333333333, 0.0, 0.3333333333333333, 0.0, 0.3333333333333333, 0.0], [0.0, 0.3333333333333333, 0.0, 0.3333333333333333, 0.0, 0.3333333333333333]], "V_K": [[0.5773502691896258, 0.5773502691896258, 0.0, 0.0, 0.5773502691896258, 0.0], [0.0, 0.0, 0.7071067811865475, 0.7071067811865475, 0.0, 0.0]], "M_K": [[0.3333333333333333, 0.3333333333333333, 0.0, 0.0, 0.3333333333333333, 0.0], [0.0, 0.0, 0.5, 0.5, 0.0, 0.0]], "V_A": [[0.35355339059327356, 0.35355339059327345, 0.5, 0.5000000000000003, 0.3535533905932738, 0.3535533905932738], [-0.44403691698855763, -0.4440369169885577, -0.32505758367186827, 0.32505758367186793, 0.44403691698855763, 0.44403691698855763]], "M_A": [[8.363017740317068e-66, 8.360345764817766e-66, 5.0895544287888364e-17, 0.31029358276556107, 0.34485320853522483, 0.34485320869921393], [0.28148284748878194, 0.2814828474887819, 0.33041175282070795, 0.10662255220172828, 1.1927844404341306e-300, 1.711913028757593e-299]], "V_T1_WK": [[0.5773502691896258, 0.0, 0.5773502691896258, 0.0, 0.5773502691896258, 0.0], [0.0, 0.5773502691896258, 0.0, 0.5773502691896258, 0.0, 0.5773502691896258]], "V_T2_WK": [[0.5773502691896258, 0.5773502691896258, 0.0, 0.0, 0.5773502691896258, 0.0], [0.0, 0.0, 0.7071067811865475, 0.7071067811865475, 0.0, 0.0]], "M_WK": [[0.33116297295227953, 0.0021703680256927177, 0.3311629664711548, 0.0021703653333721685, 0.3311629607558267, 0.0021703664616740817], [3.4554896824303363e-09, 0.3333333179229597, 1.3796523841572187e-08, 0.3333333217583413, 2.2915681996846916e-08, 0.33333332015100353]], "V_T1_WA": [[0.5773502691896258, 0.0, 0.5773502691896258, 0.0, 0.5773502691896258, 0.0], [0.0, 0.5773502691896258, 0.0, 0.5773502691896258, 0.0, 0.5773502691896258]], "V_T2_WA": [[0.35355339059327356, 0.35355339059327345, 0.5, 0.5000000000000003, 0.3535533905932738, 0.3535533905932738], [-0.44403691698855763, -0.4440369169885577, -0.32505758367186827, 0.32505758367186793, 0.44403691698855763, 0.44403691698855763]], "M_WA": [[0.13073762686197868, 0.2025957064713547, 0.13073762686197868, 0.2025957064713547, 0.13073762686197868, 0.2025957064713547], [0.3332440172912833, 8.931604205004205e-05, 0.3332440172912833, 8.931604205004205e-05, 0.3332440172912833, 8.931604205004205e-05]], "V_T1_KW": [[0.5773502691896258, 0.5773502691896258, 0.0, 0.0, 0.5773502691896258, 0.0], [0.0, 0.0, 0.7071067811865475, 0.7071067811865475, 0.0, 0.0]], "V_T2_KW": [[0.5773502691896258, 0.0, 0.5773502691896258, 0.0, 0.5773502691896258, 0.0], [0.0, 0.5773502691896258, 0.0, 0.5773502691896258, 0.0, 0.5773502691896258]], "M_KW": [[7.01531121462462e-05, 7.01531121462462e-05, 0.49989477033178065, 0.49989477033178065, 7.01531121462462e-05, 0.0], [0.3317808520395705, 0.3317808520395705, 0.0023287219406443118, 0.0023287219406443118, 0.3317808520395705, 0.0]], "V_T1_KA": [[0.5773502691896258, 0.5773502691896258, 0.0, 0.0, 0.5773502691896258, 0.0], [0.0, 0.0, 0.7071067811865475, 0.7071067811865475, 0.0, 0.0]], "V_T2_KA": [[0.35355339059327356, 0.35355339059327345, 0.5, 0.5000000000000003, 0.3535533905932738, 0.3535533905932738], [-0.44403691698855763, -0.4440369169885577, -0.32505758367186827, 0.32505758367186793, 0.44403691698855763, 0.44403691698855763]], "M_KA": [[0.31397282157807554, 0.31397282157807554, 0.029040767632886665, 0.029040767632886665, 0.31397282157807554, 0.0], [0.009015434916172736, 0.009015434916172736, 0.486476847625741, 0.486476847625741, 0.009015434916172736, 0.0]], "V_T1_AW": [[0.35355339059327356, 0.35355339059327345, 0.5, 0.5000000000000003, 0.3535533905932738, 0.3535533905932738], [-0.44403691698855763, -0.4440369169885577, -0.32505758367186827, 0.32505758367186793, 0.44403691698855763, 0.44403691698855763]], "V_T2_AW": [[0.5773502691896258, 0.0, 0.5773502691896258, 0.0, 0.5773502691896258, 0.0], [0.0, 0.5773502691896258, 0.0, 0.5773502691896258, 0.0, 0.5773502691896258]], "M_AW": [[2.7308340191490548e-58, 1.7262443837775482e-58, 0.05234042365338785, 0.3549901209478308, 0.2963347276993907, 0.2963347276993907], [0.2963347276975442, 0.29633472769754404, 0.3549901209486039, 0.05234042365630799, 2.6954774439318225e-55, 1.006841748569489e-54]], "V_T1_AK": [[0.35355339059327356, 0.35355339059327345, 0.5, 0.5000000000000003, 0.3535533905932738, 0.3535533905932738], [-0.44403691698855763, -0.4440369169885577, -0.32505758367186827, 0.32505758367186793, 0.44403691698855763, 0.44403691698855763]], "V_T2_AK": [[0.5773502691896258, 0.5773502691896258, 0.0, 0.0, 0.5773502691896258, 0.0], [0.0, 0.0, 0.7071067811865475, 0.7071067811865475, 0.0, 0.0]], "M_AK": [[0.28974775408446096, 0.28974775408446096, 0.3505877485737897, 0.06991674325728832, 1.2782887111750179e-78, 4.675108595470888e-79], [2.5734203187459608e-20, 2.5772223973895564e-20, 0.029408454548156996, 0.36293488093051834, 0.30382833226066236, 0.30382833226066236]], "V_T1_WKA": [[0.5773502691896258, 0.0, 0.5773502691896258, 0.0, 0.5773502691896258, 0.0], [0.0, 0.5773502691896258, 0.0, 0.5773502691896258, 0.0, 0.5773502691896258]], "V_T2_WKA": [[0.5773502691896258, 0.5773502691896258, 0.0, 0.0, 0.5773502691896258, 0.0], [0.0, 0.0, 0.7071067811865475, 0.7071067811865475, 0.0, 0.0]], "V_T3_WKA": [[0.35355339059327356, 0.35355339059327345, 0.5, 0.5000000000000003, 0.3535533905932738, 0.3535533905932738], [-0.44403691698855763, -0.4440369169885577, -0.32505758367186827, 0.32505758367186793, 0.44403691698855763, 0.44403691698855763]], "M_WKA": [[5.016050772737695e-05, 0.3332831764872743, 5.016050772737471e-05, 0.33328317049506706, 5.0160507727370964e-05, 0.3332831714944766], [0.3311665091784072, 0.0021668216483076925, 0.33116650917840723, 0.0021668257503114244, 0.33116650917840723, 0.0021668250661592676]], "V_T1_WAK": [[0.5773502691896258, 0.0, 0.5773502691896258, 0.0, 0.5773502691896258, 0.0], [0.0, 0.5773502691896258, 0.0, 0.5773502691896258, 0.0, 0.5773502691896258]], "V_T2_WAK": [[0.35355339059327356, 0.35355339059327345, 0.5, 0.5000000000000003, 0.3535533905932738, 0.3535533905932738], [-0.44403691698855763, -0.4440369169885577, -0.32505758367186827, 0.32505758367186793, 0.44403691698855763, 0.44403691698855763]], "V_T3_WAK": [[0.5773502691896258, 0.5773502691896258, 0.0, 0.0, 0.5773502691896258, 0.0], [0.0, 0.0, 0.7071067811865475, 0.7071067811865475, 0.0, 0.0]], "M_WAK": [[0.2900480402590374, 0.04328529307429593, 0.2900480402590374, 0.04328529307429593, 0.2900480402590374, 0.04328529307429593], [0.09576561459313966, 0.2375677187401936, 0.09576561459313966, 0.2375677187401936, 0.09576561459313966, 0.2375677187401936]], "V_T1_KWA": [[0.5773502691896258, 0.5773502691896258, 0.0, 0.0, 0.5773502691896258, 0.0], [0.0, 0.0, 0.7071067811865475, 0.7071067811865475, 0.0, 0.0]], "V_T2_KWA": [[0.5773502691896258, 0.0, 0.5773502691896258, 0.0, 0.5773502691896258, 0.0], [0.0, 0.5773502691896258, 0.0, 0.5773502691896258, 0.0, 0.5773502691896258]], "V_T3_KWA": [[0.35355339059327356, 0.35355339059327345, 0.5, 0.5000000000000003, 0.3535533905932738, 0.3535533905932738], [-0.44403691698855763, -0.4440369169885577, -0.32505758367186827, 0.32505758367186793, 0.44403691698855763, 0.44403691698855763]], "M_KWA": [[1.0270850123164281e-06, 1.0270860450383665e-06, 0.49999845937150894, 0.4999984593716723, 1.0270857613107927e-06, 0.0], [0.3301682483310348, 0.33016824864332683, 0.0047476272340998965, 0.00474762723400999, 0.3301682485575285, 0.0]],