{"r_W": [0.3490562778959368, 0.805624770164547, 0.9373665988226304, 0.9737615790218919, 0.985486996694415, 0.9907773076786559, 0.9936184269352784, 0.995321143218825, 0.9964222956321023, 0.9971755106970305], "R_W": [0.34225560352363565, 0.9337764043577014, 0.9853556034342357, 0.9936015707951618, 0.9964195704062784, 0.9977133767216474, 0.9984136612436167, 0.998835132001697, 0.9991083994784706, 0.9992956354147831], "r_K": [0.4047103275829207, 0.916358589715718, 0.9859455555403281, 0.9938582987888749, 0.9965630345444242, 0.9978049422706856, 0.9984771631788589, 0.9988817527721963, 0.9991440787833714, 0.9993238194921114], "R_K": [0.8120915214355763, 0.974896328435375, 0.9940929100099668, 0.9973964071803004, 0.9985388150734827, 0.999065581458204, 0.9993512851597228, 0.9995234360357932, 0.9996351315743198, 0.9997117033883005], "r_A": [0.40668597191726, 0.8768355582954179, 0.9644899261178544, 0.9849120792108674, 0.9916205269330861, 0.994665610416547, 0.9963054663653217, 0.9972897343630979, 0.9979268488678777, 0.9983629134672893], "R_A": [0.40638080350589223, 0.9087919235311235, 0.9475665349576987, 0.9539868135986794, 0.9561926068999136, 0.95720726755376, 0.9577569539721558, 0.9580879638110529, 0.9583026500641023, 0.9584497796201588], "r_WK": [0.34905627789593674, 0.8056247701645469, 0.9373665988226304, 0.9737615790218919, 0.985486996694415, 0.9907773076786559, 0.9936184269352784, 0.9953211432188248, 0.9964222956321023, 0.9971755106970303], "R_WK": [0.2725623919438228, 0.7720831529365096, 0.9616622998321201, 0.9836952891267606, 0.990954244479806, 0.9942451812706143, 0.9960158552104119, 0.9970779819219705, 0.9977652423276601, 0.9982355014057774], "r_WA": [4.163067847389362, 4.8058918743619925, 2.9383420521348547, 2.0881002381663265, 1.6991155469458183, 1.485680826900381, 1.355857760504756, 1.271212794412867, 1.213121666138318, 1.1716297026207334], "R_WA": [NaN, NaN, NaN, NaN, NaN, NaN, NaN, NaN, NaN, NaN], "r_KW": [0.4271162602288983, 0.9217925361492502, 0.9864933122771045, 0.9940967429351754, 0.996696296026572, 0.9978900002630914, 0.9985361536466419, 0.9989250621243224, 0.9991772241488615, 0.9993500021726542], "R_KW": [0.7220771555782338, 0.9325995065375057, 0.983974792576789, 0.9929411621981981, 0.9960397751961956, 0.9974678900963947, 0.9982422693196175, 0.998708829873044, 0.9990114507046107, 0.9992189530493035], "r_KA": [1.1586754928466725, 0.916876284905119, 0.9999999992543726, 0.9999999998802124, 0.9999999998946354, 0.9999999999051822, 1.000000000010471, 1.0000000000000229, 1.0000000000000004, 0.9999999999999937], "R_KA": [NaN, NaN, NaN, NaN, NaN, NaN, NaN, NaN, NaN, NaN], "r_AW": [0.40668597191726014, 0.8768355582954181, 0.9644899261178544, 0.9849120792108677, 0.9916205269330861, 0.9946656104165471, 0.9963054663653217, 0.9972897343630983, 0.9979268488678777, 0.9983629134672894], "R_AW": [0.40638080348386074, 0.9087919235334834, 0.9475665349576634, 0.953986813672968, 0.9561926068999131, 0.9572072677532978, 0.9577569493320695, 0.9580879639759846, 0.9583026508294727, 0.9584497815210762], "r_AK": [0.4556489015034703, 0.8696452216861261, 0.9630152889169977, 0.9843883491135509, 0.9913459475100808, 0.9944953028094188, 0.9961891516063293, 0.99720511982776, 0.9978624752470955, 0.9983122684674357], "R_AK": [0.42627355483123097, 0.7992383008097407, 0.9225166072242726, 0.937847615807756, 0.9429410825371111, 0.9452568856785187, 0.9465045714331982, 0.9472535766026207, 0.9477384443990066, 0.9480703195368283], "r_WKA": [0.5185630918612039, 0.9649808194350801, 0.9834415419116768, 0.9927999779343438, 0.995975624963769, 0.9974310417616901, 0.998218211612322, 0.9986917899534117, 0.9989987711707177, 0.9992090753784992], "R_WKA": [NaN, NaN, 1.0239693366087386, 1.0087871946131026, 1.0046961113954003, 1.0029418985847864, 1.0020206480831162, 1.0014750281740834, 1.0011247751394203, 1.0008863271489041], "r_WAK": [0.37527960674104555, 0.7874478719503298, 0.9334198174622717, 0.9722889730254177, 0.9847013881213189, 0.9902860661253511, 0.9932814366358159, 0.9950753390768033, 0.9962349655812756, 0.997027955481086], "R_WAK": [0.3304628598277009, 0.8275645212445678, 0.9698432355227454, 0.9871204841750615, 0.9928449460542585, 0.9954453080159269, 0.996845685376123, 0.9976861637263829, 0.9982301607814461, 0.9986024691028851], "r_KWA": [0.46809253545773755, 0.9022580706250315, 0.9854406509097307, 0.9936385752855158, 0.9964402481659026, 0.997726573962981, 0.9984228135976754, 0.9988418512469001, 0.9991135417830345, 0.9992996974117957], "R_KWA": [1.1925746989891688, 1.0687160118335994, 1.0244478585247605, 1.0118790979898662, NaN, NaN, NaN, NaN, NaN, NaN], "r_KAW": [0.4147474418567055, 0.9193569111346839, 0.98623368174894, 0.9939837137144426, 0.9966331245783008, 0.9978496787465784, 0.9985081891787683, 0.9989045312141895, 0.9991615114607418, 0.9993375901493797], "R_KAW": [0.7449360222422567, 0.9142173255457118, 0.9795531341352125, 0.9910081972521093, 0.994958537014251, 0.9967775387822169, 0.9977634282213148, 0.998357212220025, 0.9987423566618777, 0.9990063368965874], "r_AWK": [0.4485348775903011, 0.8701496820372782, 0.963108162904437, 0.9844141503100189, 0.991358115619564, 0.9945024534540096, 0.9961938867917784, 0.9972084990084276, 0.9978650136325081, 0.9983142479585382], "R_AWK": [0.41655505041885804, 0.8103561260538491, 0.9248886811347885, 0.9395210591153685, 0.9443951982413976, 0.9466132583380252, 0.9478087852656958, 0.948526640760883, 0.9489914122665271, 0.9493095596272173], "r_AKW": [0.40126298811203204, 0.878742150246537, 0.964901557968398, 0.985071562343235, 0.9917066531778561, 0.994719763527911, 0.9963427257926322, 0.9973169602533557, 0.9979476219657846, 0.9983792888389431], "R_AKW": [0.14473892920285733, 0.6338264151327057, 0.9201667977334451, 0.9435215356034455, 0.9511596810171548, 0.9546145622480348, 0.9564714838624508, 0.957584733047931, 0.9583048284956532, 0.9587974666110842], "sigma_array": [0.01, 0.8977777777777778, 1.7855555555555556, 2.673333333333333, 3.561111111111111, 4.448888888888889, 5.336666666666666, 6.224444444444444, 7.112222222222222, 8.0], "W": [[0.2, 0.0, 0.0, 0.0, 0.0, 0.0], [0.0, 0.2, 0.0, 0.0, 0.0, 0.0], [0.0, 0.0, 0.2, 0.0, 0.0, 0.0], [0.0, 0.0, 0.0, -0.2, 0.0, 0.0], [0.0, 0.0, 0.0, 0.0, -0.2, 0.0], [0.0, 0.0, 0.0, 0.0, 0.0, -0.2]], "K": [[1, 0, 0, 0, 0, 0], [0, 3, 0, 0, 0, 0], [0, 0, 2, 0, 0, 0], [0, 0, 0, 2, 0, 0], [0, 0, 0, 0, 2, 0], [0, 0, 0, 0, 0, 2]], "A": [[0, 0, 0, 1, 0, 0], [0, 0, 0, 1, 1, 1], [0, 0, 0, 0, 1, 1], [1, 1, 0, 0, 0, 0], [0, 1, 1, 0, 0, 0], [0, 1, 1, 0, 0, 0]], "n": 2, "N": 6, "theta0": [0.0, 1.2566370614359172, 2.5132741228718345, 3.7699111843077517, 5.026548245743669, 6.283185307179586]}