{"r_W": [0.6364929919347561, 0.6276229379797488, 0.6176850491081939, 0.597455675342494, 0.7150798987737871], "R_W": [0.6367997888829643, 0.6384141569408776, 0.6448715251109725, 0.6603740456689622, 0.8473163205675548], "r_mu_matrix_W": [[0.9998841371551529, 0.9955732608746591, 0.9938057455787513, 0.9921008931674443, 0.9897113387059311], [0.9998841371551529, 0.9955732608746591, 0.9938057455787517, 0.9921008931674434, 0.9897113387059311]], "R_mu_matrix_W": [[0.9999969144893428, 1.000000142459836, 0.999999970101651, 1.0000001283861497, 0.9999999997162755], [0.9999969144893426, 1.0000001424598357, 0.999999970101651, 1.000000128386156, 1.0000000001645932]], "r_K": [0.6688081651082212, 0.6672895700695288, 0.6604192710277755, 0.6415391982533774, 0.7440295672077978], "R_K": [0.6767260614178263, 0.9973232354385094, 0.9992676218042532, 0.9996639937462122, 0.9998079022412859], "r_mu_matrix_K": [[0.7085120009569014, 0.6809899673319684, 0.6602974898062406, 0.6289968054486591, 0.6967551920167542], [0.6382451368566375, 0.6955693771641207, 0.7135311393792737, 0.7176302200766177, 0.8473163206129297]], "R_mu_matrix_K": [[1.0000052842892209, 1.0000000423756887, 0.9999999999898308, 0.999999999970157, 1.0000000082745522], [0.999999228285344, 0.9999999571475114, 1.000000000226351, 1.000000000291944, 0.9999999812936147]], "r_A": [0.648323090166829, 0.642129881323997, 0.6331844605317619, 0.6129912822382722, 0.7245795639536328], "R_A": [0.6663741182040656, 0.6616733395536742, 0.6624618464271329, 0.6718221219942602, 0.7131698565237838], "r_mu_matrix_A": [[0.8944395621690843, 0.8969555363688052, 0.8956588378157961, 0.8889075305423668, 0.9152590518173224], [0.9998925067686764, 0.995894075857602, 0.9942550622138411, 0.9926741921119127, 0.9904580675311281]], "R_mu_matrix_A": [[0.9752118777963203, 0.982697742305138, 0.9870731886719437, 0.9871247516365502, 0.9793311623195555], [1.010298434833385, 1.0129388036586036, 1.0145988578100293, 1.014818317431061, 1.0127734919087719]], "r_WK": [0.6365735709552893, 0.6277048567789716, 0.6177619881377494, 0.5975184427717216, 0.7150939007857324], "R_WK": [0.6383773498618271, 0.639878748629378, 0.6458852119126209, 0.66154322387825, 0.847738463063672], "r_mu_matrix_WK": [[0.9998841257192919, 0.9955732495045743, 0.993805733929953, 0.9921008806564731, 0.9897113283935485], [0.9933550631435499, 0.9889728769739117, 0.9869979978426668, 0.9847578846174023, 0.9835449395903223]], "R_mu_matrix_WK": [[0.99999692729851, 1.0000001383432757, 0.9999999818608825, 1.0000001251185968, 0.9999999484128476], [0.9983399578609302, 0.9985692605050237, 0.9986750229495268, 0.9985392804791896, 0.998355141138195]], "r_WA": [0.6366238578090326, 0.6277560072023031, 0.6178103681269922, 0.5975582421826753, 0.7151037082929791], "R_WA": [0.6389127236357449, 0.6403833236689419, 0.6463642950790942, 0.6617327375690774, 0.8478823207902205], "r_mu_matrix_WA": [[0.9912773010335443, 0.9868723654780294, 0.98483157871037, 0.9824214141977363, 0.9815872935048708], [0.9997864779300429, 0.9954745369431146, 0.993703917152053, 0.9919910487322284, 0.9896189409669082]], "R_mu_matrix_WA": [[0.9977999408710179, 0.9981068139567862, 0.998249653576751, 0.9980702408431658, 0.9978310796901937], [0.9999728064676369, 0.9999790692651955, 0.9999805971365676, 0.9999782307580728, 0.9999752605025165]], "r_KW": [0.6605973925330402, 0.6676013681474958, 0.6648520497144866, 0.6497810514556362, 0.7590764032648445], "R_KW": [0.6444177148097006, 0.997160543832912, 0.9992232597719376, 0.9996436602276557, 0.9997962666866959], "r_mu_matrix_KW": [[0.7080565170441314, 0.6807413252112873, 0.6601658440110486, 0.6289646476623979, 0.6971339427488731], [0.6382433091102637, 0.6955047046289696, 0.713443822023484, 0.7175222658640082, 0.8471981477082265]], "R_mu_matrix_KW": [[0.987020996941294, 0.9998595713246466, 0.9999617248305027, 0.9999823859531107, 0.9999899228137118], [0.9987993884946067, 0.999987137084415, 0.9999964146932325, 0.9999984267882411, 0.9999990770447188]], "r_KA": [0.6630521491694014, 0.6673251550726045, 0.6632771675707179, 0.647004266521173, 0.7542786354499482], "R_KA": [0.6191046106192462, 0.9965715874565034, 0.9990631111175077, 0.9995702502160985, 0.9997543357733717], "r_mu_matrix_KA": [[0.6390299966781066, 0.6876549413604193, 0.7024129148421661, 0.703567591575462, 0.8314595348548686], [0.7061293090232209, 0.6797067584745268, 0.65963502740115, 0.628864192907798, 0.6987702720927261]], "R_mu_matrix_KA": [[0.8486590252280086, 0.998354073624987, 0.999550089021182, 0.9997935940620614, 0.9998820179931776], [0.9430809506147009, 0.999287439776672, 0.9998052606360801, 0.99991066365736, 0.9999489228898656]], "r_AW": [0.6422115001223069, 0.6387883007390036, 0.6313711697308241, 0.6128283262378942, 0.7285096171820946], "R_AW": [0.6560192836167096, 0.6525399558712841, 0.6545081096473012, 0.6668043596670743, 0.8163044312959988], "r_mu_matrix_AW": [[0.9876594229227394, 0.9840162360913682, 0.9822367749846588, 0.9798580859769991, 0.9804738525578744], [0.9191860552476006, 0.9200762449377186, 0.9186338334393448, 0.9129791485291493, 0.9321219740644545]], "R_mu_matrix_AW": [[0.9878242858187849, 0.9902959992268859, 0.9917638509219039, 0.9915477646643858, 0.9798179372652074], [0.9666877130953869, 0.973337490888268, 0.9773044735229479, 0.9767067888457212, 0.9643170951947885]], "r_AK": [0.6462140716281738, 0.6427892618793555, 0.6352712979998912, 0.6164228854760057, 0.7299312331966028], "R_AK": [0.655684025373518, 0.6518298499922357, 0.6537327233661855, 0.6674223103507873, 0.8315987438309809], "r_mu_matrix_AK": [[0.9060495311974842, 0.9079208266609956, 0.9066073797615778, 0.9004128447415178, 0.9234307284145159], [0.9998758830716874, 0.9955156087143554, 0.9937276080527719, 0.9920026139112641, 0.9895871097329461]], "R_mu_matrix_AK": [[0.9594939713720297, 0.9673789628723917, 0.9721100409353896, 0.9712399727277141, 0.9598370861525635], [0.9904251679358244, 0.992627452628701, 0.9940147565629093, 0.9939710668597862, 0.9809659521259462]], "r_WKA": [0.6364988484966496, 0.6276288497306731, 0.6176904480724806, 0.5974602161499015, 0.715080718665081], "R_WKA": [0.6371751749435349, 0.6387268266948776, 0.645063804056534, 0.6605691974581364, 0.8474169634723062], "r_mu_matrix_WKA": [[0.9998841366403638, 0.995573260372981, 0.993805745067926, 0.9921008926216623, 0.989711338259092], [0.9983028426153878, 0.9939747205726657, 0.992156948307669, 0.9903223374319025, 0.9882158464706577]], "R_mu_matrix_WKA": [[0.9999969186467078, 1.0000001420454703, 1.0000000446321324, 1.000000116575103, 0.9999999915314549], [0.9996012409741768, 0.9996562532779079, 0.9996800542101528, 0.9996464257223295, 0.9996018687305949]], "r_WAK": [0.636495227226792, 0.6276251796973762, 0.6176870387237908, 0.5974574200638626, 0.71508018996772], "R_WAK": [0.6377180214071368, 0.6392454398601946, 0.6452145415620053, 0.6609188900116855, 0.8475618017751291], "r_mu_matrix_WAK": [[0.9984177680193527, 0.994090898860055, 0.9922767779509991, 0.9904515946561121, 0.9883244894811105], [0.9974755883015821, 0.9931384363544626, 0.9912943802672376, 0.9893919163642653, 0.9874339907698473]], "R_mu_matrix_WAK": [[0.9996309926169471, 0.9996819195228119, 0.9997031934056784, 0.999672283322749, 0.9996304027232195], [0.9993936834598637, 0.9994763204911227, 0.9995121869155322, 0.99946167203093, 0.9993931213868266]], "r_KWA": [0.6610185501514646, 0.6675414195383897, 0.6645647980474225, 0.6492833575798405, 0.7582326964796695], "R_KWA": [0.6445629737932737, 0.9971615932645247, 0.9992235239641449, 0.9996437468082726, 0.9997963533277118], "r_mu_matrix_KWA": [[0.6382344714833478, 0.6946946188750837, 0.7123440421338856, 0.7161582772503073, 0.8456992024572934], [0.708441542460077, 0.680951403348133, 0.6602769728891044, 0.628991623085233, 0.6968135830172244]], "R_mu_matrix_KWA": [[0.9833972193685288, 0.9998250393925938, 0.9999521507271225, 0.9999779799004409, 0.9999874605118779], [0.9980268914920806, 0.9999781508486362, 0.999994039462115, 0.9999972831566892, 0.9999984403982084]],