{"r": [0.6367280559920129, 0.6327119921409433, 0.6297355396693551, 0.6256990990569282, 0.6218288144848371, 0.6173561140686042, 0.6101752537425266, 0.600037203342174, 0.5787028094199308, 0.6602221530352906, 0.7548342275770261, 0.808047746006324, 0.8439263228083826, 0.869943838849299, 0.8896459272096795, 0.9050227758653396, 0.9173016204114776, 0.9272872209942912, 0.9355311555351324, 0.9424244883133566], "R": [0.6367297119019946, 0.6368462676115711, 0.6379855088335636, 0.639280165575161, 0.6418316351872293, 0.6451300720531222, 0.650448913110368, 0.6583867039098208, 0.6737381698866781, 0.811243027535936, 0.8718396195457025, 0.9027831907342121, 0.922550509077321, 0.9363806944592982, 0.946588912136684, 0.9544046375379055, 0.9605536582549817, 0.9654956417883016, 0.9695368993884826, 0.9728896534086764], "sigma_array": [0.01, 0.4305263157894737, 0.8510526315789474, 1.2715789473684211, 1.6921052631578948, 2.112631578947368, 2.533157894736842, 2.9536842105263155, 3.3742105263157893, 3.794736842105263, 4.215263157894737, 4.63578947368421, 5.056315789473684, 5.476842105263158, 5.897368421052631, 6.3178947368421055, 6.738421052631579, 7.158947368421052, 7.579473684210527, 8.0], "M": [[0.3333333333333334, 0.3333333333333334, 0.3333333333333334, 0.0, 0.0, 0.0], [0.0, 0.0, 0.0, 0.3333333333333334, 0.3333333333333334, 0.3333333333333334]], "l_normalized_weights": [0.5, 0.5], "m": [0.1666666666666667, 0.1666666666666667, 0.1666666666666667, 0.1666666666666667, 0.1666666666666667, 0.1666666666666667], "W": [[0.2, 0.0, 0.0, 0.0, 0.0, 0.0], [0.0, 0.2, 0.0, 0.0, 0.0, 0.0], [0.0, 0.0, 0.2, 0.0, 0.0, 0.0], [0.0, 0.0, 0.0, -0.2, 0.0, 0.0], [0.0, 0.0, 0.0, 0.0, -0.2, 0.0], [0.0, 0.0, 0.0, 0.0, 0.0, -0.2]], "K": [[2, 0, 0, 0, 0, 0], [0, 2, 0, 0, 0, 0], [0, 0, 3, 0, 0, 0], [0, 0, 0, 3, 0, 0], [0, 0, 0, 0, 2, 0], [0, 0, 0, 0, 0, 2]], "A": [[0, 1, 1, 0, 0, 0], [1, 0, 1, 0, 0, 0], [1, 1, 0, 1, 0, 0], [0, 0, 1, 0, 1, 1], [0, 0, 0, 1, 0, 1], [0, 0, 0, 1, 1, 0]], "reduced_W": [[0.19999999999999998, 0.0], [0.0, -0.2]], "reduced_K": [[2.3333333333333326, 0.0], [0.0, 2.333333333333333]], "reduced_A": [[1.9999999999999996, 0.3333333333333333], [0.33333333333333326, 1.9999999999999998]], "n": 2, "N": 6, "theta0": [0.0, 1.2566370614359172, 2.5132741228718345, 3.7699111843077517, 5.026548245743669, 6.283185307179586], "T_1": "W", "T_2": "None", "T_3": "None"}