{"r_W": [0.6367280559920129, 0.6294342066765584, 0.621241268898599, 0.6073713079429172, 0.551581217364078, 0.78726446198027, 0.862104296593363, 0.9019084213688682, 0.926272168274465, 0.9424244883133563], "R_W": [0.6367297118964509, 0.6380058900745357, 0.6429255309896076, 0.6528127558411323, 0.6910443785532937, 0.8909393742786095, 0.9322561938272501, 0.9528321473150093, 0.9649956461023756, 0.9728896524042397], "r_K": [0.6367280559920127, 0.6294342066765584, 0.6212412688985989, 0.607371307942917, 0.5515812173640778, 0.7872644619802699, 0.8621042965933626, 0.9019084213688678, 0.9262721682744648, 0.9424244883133561], "R_K": [0.9999990114276144, 0.999999999101468, 0.9999999995343322, 0.9999999994945624, 0.9999999999741155, 1.0000000006959513, 1.0000000000290576, 1.000000000076292, 0.9999999995699849, 0.9999999997181453], "r_A": [0.6367195600011143, 0.6358991504945019, 0.6317682071448678, 0.6205097008431057, 0.5711308325662385, 0.7998423380851625, 0.8706151488448844, 0.9080865051421347, 0.9309701137452754, 0.9461205325896386], "R_A": [0.6463218263964896, 0.6435593677549358, 0.6416454514203426, 0.6434797432579541, 0.6486865079862273, 0.6577300711780232, 0.6893426017302443, 0.8474193613814531, 0.8854095249034077, 0.9061951284894989], "r_WK": {}, "R_WK": {}, "r_WA": {}, "R_WA": {}, "r_KW": {}, "R_KW": {}, "r_KA": [0.6367102969268321, 0.6433144047921284, 0.6435768486514374, 0.6351316889689934, 0.5927822643945886, 0.8137676174026967, 0.8800377249494944, 0.9149264152726214, 0.936171325965368, 0.9502125150903392], "R_KA": [0.9999997861813503, 1.0000000009381167, 0.9999999999662059, 1.000000000309704, 1.000000000529132, 0.9999999990204229, 1.000000000232938, 0.9999999999587245, 0.99999999918794, 0.9999999983389583], "r_AW": [0.6367195600011143, 0.6358991504945019, 0.6317682071448678, 0.6205097008431057, 0.5711308325662384, 0.7998423380851625, 0.8706151488448844, 0.9080865051421347, 0.9309701137452754, 0.9461205325896386], "R_AW": [0.645076519083014, 0.6425402648262256, 0.6408162745016981, 0.642818656692215, 0.6480245400362122, 0.6567788596345586, 0.6878437698668084, 0.8468925510806768, 0.8850060631650228, 0.9058804076967577], "r_AK": {}, "R_AK": {}, "r_WKA": {}, "R_WKA": {}, "r_WAK": {}, "R_WAK": {}, "r_KWA": {}, "R_KWA": {}, "r_KAW": {}, "R_KAW": {}, "r_AWK": {}, "R_AWK": {}, "r_AKW": {}, "R_AKW": {}, "sigma_array": [0.01, 0.8977777777777778, 1.7855555555555556, 2.673333333333333, 3.561111111111111, 4.448888888888889, 5.336666666666666, 6.224444444444444, 7.112222222222222, 8.0], "W": [[0.2, 0.0, 0.0, 0.0, 0.0, 0.0], [0.0, 0.2, 0.0, 0.0, 0.0, 0.0], [0.0, 0.0, 0.2, 0.0, 0.0, 0.0], [0.0, 0.0, 0.0, -0.2, 0.0, 0.0], [0.0, 0.0, 0.0, 0.0, -0.2, 0.0], [0.0, 0.0, 0.0, 0.0, 0.0, -0.2]], "K": [[2, 0, 0, 0, 0, 0], [0, 2, 0, 0, 0, 0], [0, 0, 3, 0, 0, 0], [0, 0, 0, 3, 0, 0], [0, 0, 0, 0, 2, 0], [0, 0, 0, 0, 0, 2]], "A": [[0, 1, 1, 0, 0, 0], [1, 0, 1, 0, 0, 0], [1, 1, 0, 1, 0, 0], [0, 0, 1, 0, 1, 1], [0, 0, 0, 1, 0, 1], [0, 0, 0, 1, 1, 0]], "n": 2, "N": 6, "theta0": [0.0, 1.2566370614359172, 2.5132741228718345, 3.7699111843077517, 5.026548245743669, 6.283185307179586]}