{"W": [[0.2, 0.0, 0.0, 0.0, 0.0, 0.0], [0.0, 0.2, 0.0, 0.0, 0.0, 0.0], [0.0, 0.0, 0.2, 0.0, 0.0, 0.0], [0.0, 0.0, 0.0, -0.2, 0.0, 0.0], [0.0, 0.0, 0.0, 0.0, -0.2, 0.0], [0.0, 0.0, 0.0, 0.0, 0.0, -0.2]], "K": [[1, 0, 0, 0, 0, 0], [0, 3, 0, 0, 0, 0], [0, 0, 2, 0, 0, 0], [0, 0, 0, 2, 0, 0], [0, 0, 0, 0, 2, 0], [0, 0, 0, 0, 0, 2]], "A": [[0, 0, 0, 1, 0, 0], [0, 0, 0, 1, 1, 1], [0, 0, 0, 0, 1, 1], [1, 1, 0, 0, 0, 0], [0, 1, 1, 0, 0, 0], [0, 1, 1, 0, 0, 0]], "C_W": [[0.5773502691896258, 0.0, 0.0], [0.0, 0.7071067811865475, 0.0], [0.0, 0.0, 1.0]], "V_W": [[0.5773502691896258, 0.5773502691896258, 0.5773502691896258, 0.0, 0.0, 0.0], [0.0, 0.0, 0.0, 0.7071067811865475, 0.7071067811865475, 0.0], [0.0, 0.0, 0.0, 0.0, 0.0, 1.0]], "M_W": [[0.33333333333333337, 0.33333333333333337, 0.33333333333333337, 0.0, 0.0, 0.0], [0.0, 0.0, 0.0, 0.5, 0.5, 0.0], [0.0, 0.0, 0.0, 0.0, 0.0, 1.0]], "C_K": [[0.7071067811865475, 0.0, 0.0], [0.0, 0.7071067811865475, 0.0], [0.0, 0.0, 0.7071067811865475]], "V_K": [[1.0, 0.0, 0.0, 0.0, 0.0, 0.0], [0.0, 1.0, 0.0, 0.0, 0.0, 0.0], [0.0, 0.0, 0.5, 0.5, 0.5, 0.5]], "M_K": [[1.0, 0.0, 0.0, 0.0, 0.0, 0.0], [0.0, 1.0, 0.0, 0.0, 0.0, 0.0], [0.0, 0.0, 0.25, 0.25, 0.25, 0.25]], "C_A": [[1, 0, 1], [1, -1, 0], [1, 0, -1]], "V_A": [[0.1494292453613424, 0.5576775358252054, 0.40824829046386313, 0.32505758367186816, 0.4440369169885575, 0.44403691698855746], [0.1494292453613425, 0.5576775358252053, 0.40824829046386296, -0.32505758367186827, -0.44403691698855746, -0.4440369169885575], [-3.7930548568055926e-17, 3.793054856805585e-17, -5.412869039729012e-18, -1.706629740774352e-32, -0.7071067811865476, 0.7071067811865475]], "M_A": [[0.06417440944924845, 0.23950215661032334, 0.17532774716107494, 0.13960037353262594, -0.11297890943620797, 0.49437422268293535], [-4.575856368375734e-17, 4.575856368375734e-17, 6.8637845525636e-17, 0.26794919243112275, 0.36602540378443854, 0.36602540378443854], [0.06417440944924846, 0.2395021566103233, 0.1753277471610749, 0.13960037353262592, 0.49437422268293535, -0.11297890943620793]], "C_T1_WK": [[0.5773502691896257, 0.0, 0.0], [0.5773502691896258, 0.0, 0.0], [0.2886751345948129, 0.7071067811865477, 0.5]], "V_T1_WK": [[0.5773502691896258, 0.5773502691896258, 0.5773502691896258, 0.0, 0.0, 0.0], [0.0, 0.0, 0.0, 0.7071067811865475, 0.7071067811865475, 0.0], [0.0, 0.0, 0.0, 0.0, 0.0, 1.0]], "V_T2_WK": [[1.0, 0.0, 0.0, 0.0, 0.0, 0.0], [0.0, 1.0, 0.0, 0.0, 0.0, 0.0], [0.0, 0.0, 0.5, 0.5, 0.5, 0.5]], "M_WK": [[0.33333333333333337, 0.33333333333333337, 0.33333333333333337, 0.0, 0.0, 0.0], [0.33333333333333337, 0.33333333333333337, 0.33333333333333337, 0.0, 0.0, 0.0], [0.08333333333333334, 0.08333333333333334, 0.08333333333333334, 0.25, 0.25, 0.24999999999999994]], "C_T1_WA": [[0.6439505508593791, 0.5438319367902688, 0.44403691698855746], [0.6439505508593791, -0.5438319367902688, -0.4440369169885575], [-3.1251213971757758e-18, -0.5000000000000001, 0.7071067811865475]], "V_T1_WA": [[0.5773502691896258, 0.5773502691896258, 0.5773502691896258, 0.0, 0.0, 0.0], [0.0, 0.0, 0.0, 0.7071067811865475, 0.7071067811865475, 0.0], [0.0, 0.0, 0.0, 0.0, 0.0, 1.0]], "V_T2_WA": [[0.1494292453613424, 0.5576775358252054, 0.40824829046386313, 0.32505758367186816, 0.4440369169885575, 0.44403691698855746], [0.1494292453613425, 0.5576775358252053, 0.40824829046386296, -0.32505758367186827, -0.44403691698855746, -0.4440369169885575], [-3.7930548568055926e-17, 3.793054856805585e-17, -5.412869039729012e-18, -1.706629740774352e-32, -0.7071067811865476, 0.7071067811865475]], "M_WA": [[0.15966810440688223, 0.15966810440688223, 0.15966810440688223, 0.1651490150779948, 0.1651490150779948, 0.19069765662336366], [-3.802402514498755, -3.802402514498755, -3.802402514498755, 3.9329271962753563, 3.9329271962753563, 4.541353150945553], [0.016251596660219456, 0.016251596660219456, 0.016251596660219456, 3184525836262886.5, 3184525836262886.5, -6369051672525772.0]], "C_T1_KW": [[0.5773502691896258, 0.5773502691896258, 0.2886751345948129], [0.0, 0.0, 0.7071067811865475], [0.0, 0.0, 0.5]], "V_T1_KW": [[1.0, 0.0, 0.0, 0.0, 0.0, 0.0], [0.0, 1.0, 0.0, 0.0, 0.0, 0.0], [0.0, 0.0, 0.5, 0.5, 0.5, 0.5]], "V_T2_KW": [[0.5773502691896258, 0.5773502691896258, 0.5773502691896258, 0.0, 0.0, 0.0], [0.0, 0.0, 0.0, 0.7071067811865475, 0.7071067811865475, 0.0], [0.0, 0.0, 0.0, 0.0, 0.0, 1.0]], "M_KW": [[0.33333333333333326, 0.33333333333333326, 0.08333333333333331, 0.08333333333333331, 0.08333333333333331, 0.08333333333333331], [0.0, 0.0, 0.25, 0.25, 0.25, 0.25], [0.0, 0.0, 0.25, 0.25, 0.25, 0.25]], "C_T1_KA": [[0.1494292453613424, 0.5576775358252054, 0.810689854056423], [0.1494292453613425, 0.5576775358252053, -0.4024415635925601], [-3.7930548568055926e-17, 3.793054856805585e-17, -5.551115123125783e-17]], "V_T1_KA": [[1.0, 0.0, 0.0, 0.0, 0.0, 0.0], [0.0, 1.0, 0.0, 0.0, 0.0, 0.0], [0.0, 0.0, 0.5, 0.5, 0.5, 0.5]], "V_T2_KA": [[0.1494292453613424, 0.5576775358252054, 0.40824829046386313, 0.32505758367186816, 0.4440369169885575, 0.44403691698855746], [0.1494292453613425, 0.5576775358252053, 0.40824829046386296, -0.32505758367186827, -0.44403691698855746, -0.4440369169885575], [-3.7930548568055926e-17, 3.793054856805585e-17, -5.412869039729012e-18, -1.706629740774352e-32, -0.7071067811865476, 0.7071067811865475]], "M_KA": [[0.06417440944924846, 0.23950215661032334, 0.17408085848510707, 0.17408085848510707, 0.17408085848510707, 0.17408085848510707], [-1.528276024587013, -5.7036037717481065, 2.05796994908378, 2.05796994908378, 2.05796994908378, 2.05796994908378], [0.3416480087941101, -0.34164800879410945, 0.24999999999999983, 0.24999999999999983, 0.24999999999999983, 0.24999999999999983]], "C_T1_AW": [[0.6439505508593792, 0.6439505508593791, 1.0546208497753011e-16], [0.543831936790269, -0.5438319367902684, -0.5], [0.44403691698855785, -0.4440369169885576, 0.7071067811865474]], "V_T1_AW": [[0.1494292453613424, 0.5576775358252054, 0.40824829046386313, 0.32505758367186816, 0.4440369169885575, 0.44403691698855746], [0.1494292453613425, 0.5576775358252053, 0.40824829046386296, -0.32505758367186827, -0.44403691698855746, -0.4440369169885575], [-3.7930548568055926e-17, 3.793054856805585e-17, -5.412869039729012e-18, -1.706629740774352e-32, -0.7071067811865476, 0.7071067811865475]], "V_T2_AW": [[0.5773502691896258, 0.5773502691896258, 0.5773502691896258, 0.0, 0.0, 0.0], [0.0, 0.0, 0.0, 0.7071067811865475, 0.7071067811865475, 0.0], [0.0, 0.0, 0.0, 0.0, 0.0, 1.0]], "M_AW": [[0.1339745962155615, 0.5, 0.3660254037844386, -2.0570219181645667e-17, -4.265485926307163e-18, 7.46778329646267e-17], [3.311762269510843e-17, 2.598349536380534e-16, 2.4146535517504666e-16, 0.26794919243112264, 0.6339745962155611, 0.0980762113533158], [-2.660203201207436e-17, 2.2504513601528017e-16, 1.8119169508600512e-16, 0.26794919243112275, -0.0980762113533159, 0.8301270189221929]], "C_T1_AK": [[0.14942924536134258, 0.14942924536134256, 6.554012841545671e-17], [0.5576775358252054, 0.5576775358252053, 8.205136462729646e-17], [0.8106898540564236, -0.40244156359256006, -1.1102230246251565e-16]], "V_T1_AK": [[0.1494292453613424, 0.5576775358252054, 0.40824829046386313, 0.32505758367186816, 0.4440369169885575, 0.44403691698855746], [0.1494292453613425, 0.5576775358252053, 0.40824829046386296, -0.32505758367186827, -0.44403691698855746, -0.4440369169885575], [-3.7930548568055926e-17, 3.793054856805585e-17, -5.412869039729012e-18, -1.706629740774352e-32, -0.7071067811865476, 0.7071067811865475]], "V_T2_AK": [[1.0, 0.0, 0.0, 0.0, 0.0, 0.0], [0.0, 1.0, 0.0, 0.0, 0.0, 0.0], [0.0, 0.0, 0.5, 0.5, 0.5, 0.5]], "M_AK": [[0.1339745962155615, 0.49999999999999994, 0.36602540378443854, -2.972512887614732e-17, -8.545822033601936e-17, 1.6772002680554083e-16], [0.1339745962155615, 0.5, 0.3660254037844386, -2.95902656206904e-17, 2.0287527804330575e-17, 6.63682951715264e-17], [0.03165713322154652, 0.11814602960478827, 0.08648889638324175, 0.2046349259880297, 0.27953650740119695, 0.27953650740119684]],