{"W": [[0.2, 0.0, 0.0, 0.0, 0.0, 0.0], [0.0, -0.2, 0.0, 0.0, 0.0, 0.0], [0.0, 0.0, 0.2, 0.0, 0.0, 0.0], [0.0, 0.0, 0.0, -0.2, 0.0, 0.0], [0.0, 0.0, 0.0, 0.0, 0.2, 0.0], [0.0, 0.0, 0.0, 0.0, 0.0, -0.2]], "K": [[1, 0, 0, 0, 0, 0], [0, 3, 0, 0, 0, 0], [0, 0, 2, 0, 0, 0], [0, 0, 0, 2, 0, 0], [0, 0, 0, 0, 2, 0], [0, 0, 0, 0, 0, 2]], "A": [[0, 0, 0, 1, 0, 0], [0, 0, 0, 1, 1, 1], [0, 0, 0, 0, 1, 1], [1, 1, 0, 0, 0, 0], [0, 1, 1, 0, 0, 0], [0, 1, 1, 0, 0, 0]], "V_W": [[0.5773502691896258, 0.0, 0.5773502691896258, 0.0, 0.5773502691896258, 0.0], [0.0, 0.5773502691896258, 0.0, 0.5773502691896258, 0.0, 0.5773502691896258]], "M_W": [[0.3333333333333333, 0.0, 0.3333333333333333, 0.0, 0.3333333333333333, 0.0], [0.0, 0.3333333333333333, 0.0, 0.3333333333333333, 0.0, 0.3333333333333333]], "V_K": [[0.0, 1.0, 0.0, 0.0, 0.0, 0.0], [0.0, 0.0, 0.5, 0.5, 0.5, 0.5]], "M_K": [[0.0, 1.0, 0.0, 0.0, 0.0, 0.0], [0.0, 0.0, 0.25, 0.25, 0.25, 0.25]], "V_A": [[0.14942924536134244, 0.5576775358252056, 0.4082482904638631, 0.32505758367186816, 0.44403691698855746, 0.4440369169885574], [0.14942924536134217, 0.5576775358252052, 0.4082482904638631, -0.3250575836718683, -0.4440369169885575, -0.4440369169885575]], "M_A": [[3.661301527723554e-15, 1.3664163354784031e-14, 1.0002861815534283e-14, 0.2679491921749373, 0.3660254039125242, 0.36602540391251126], [0.1339254561417242, 0.4998166078996281, 0.3658911513362879, 9.827962889782336e-05, 0.0001342524967312786, 0.00013425249673062727]], "V_T1_WK": [[0.5773502691896258, 0.0, 0.5773502691896258, 0.0, 0.5773502691896258, 0.0], [0.0, 0.5773502691896258, 0.0, 0.5773502691896258, 0.0, 0.5773502691896258]], "V_T2_WK": [[0.0, 1.0, 0.0, 0.0, 0.0, 0.0], [0.0, 0.0, 0.5, 0.5, 0.5, 0.5]], "M_WK": [[0.3331625611416531, 0.00017078355710941655, 0.3331625611416531, 0.0001707475603227198, 0.3331625611416531, 0.00017078545760834424], [5.108909951157744e-36, 0.3333333276418744, 3.58694387144197e-36, 0.3333333456679631, 5.549607572032924e-35, 0.3333333266901626]], "V_T1_WA": [[0.5773502691896258, 0.0, 0.5773502691896258, 0.0, 0.5773502691896258, 0.0], [0.0, 0.5773502691896258, 0.0, 0.5773502691896258, 0.0, 0.5773502691896258]], "V_T2_WA": [[0.14942924536134244, 0.5576775358252056, 0.4082482904638631, 0.32505758367186816, 0.44403691698855746, 0.4440369169885574], [0.14942924536134217, 0.5576775358252052, 0.4082482904638631, -0.3250575836718683, -0.4440369169885575, -0.4440369169885575]], "M_WA": [[0.3333330901797445, 2.4315359416026834e-07, 0.3333330901797445, 2.43153583238088e-07, 0.3333330901797445, 2.4315358922890314e-07], [0.0010496867218194057, 0.33228364662427307, 0.0010496867218194057, 0.332283646597902, 0.0010496867218194057, 0.33228364661236665]], "V_T1_KW": [[0.0, 1.0, 0.0, 0.0, 0.0, 0.0], [0.0, 0.0, 0.5, 0.5, 0.5, 0.5]], "V_T2_KW": [[0.5773502691896258, 0.0, 0.5773502691896258, 0.0, 0.5773502691896258, 0.0], [0.0, 0.5773502691896258, 0.0, 0.5773502691896258, 0.0, 0.5773502691896258]], "M_KW": [[0.0, 0.9989784182568135, 0.0002554193849989806, 0.00025542282881530783, 0.00025531672098837627, 0.0002554228083834487], [0.0, 4.431288020995651e-22, 0.24999999400044484, 0.24999999313772847, 0.2500000197189798, 0.2499999931428469]], "V_T1_KA": [[0.0, 1.0, 0.0, 0.0, 0.0, 0.0], [0.0, 0.0, 0.5, 0.5, 0.5, 0.5]], "V_T2_KA": [[0.14942924536134244, 0.5576775358252056, 0.4082482904638631, 0.32505758367186816, 0.44403691698855746, 0.4440369169885574], [0.14942924536134217, 0.5576775358252052, 0.4082482904638631, -0.3250575836718683, -0.4440369169885575, -0.4440369169885575]], "M_KA": [[0.0, 2.4668516248201196e-05, 0.24999383287112448, 0.24999383287129795, 0.24999383287225402, 0.24999383286907542], [0.0, 0.9988100373468902, 0.00029749066327906186, 0.00029749066328052726, 0.0002974906632887415, 0.0002974906632615007]], "V_T1_AW": [[0.14942924536134244, 0.5576775358252056, 0.4082482904638631, 0.32505758367186816, 0.44403691698855746, 0.4440369169885574], [0.14942924536134217, 0.5576775358252052, 0.4082482904638631, -0.3250575836718683, -0.4440369169885575, -0.4440369169885575]], "V_T2_AW": [[0.5773502691896258, 0.0, 0.5773502691896258, 0.0, 0.5773502691896258, 0.0], [0.0, 0.5773502691896258, 0.0, 0.5773502691896258, 0.0, 0.5773502691896258]], "M_AW": [[0.0008792654214496466, 0.003281463226188405, 0.002402197804738694, 0.2661906615882236, 0.3636232059796999, 0.36362320597969977], [0.133873463159686, 0.49962256629714835, 0.3657491031374624, 0.00020226611175073157, 0.0002763006469762001, 0.0002763006469761972]], "V_T1_AK": [[0.14942924536134244, 0.5576775358252056, 0.4082482904638631, 0.32505758367186816, 0.44403691698855746, 0.4440369169885574], [0.14942924536134217, 0.5576775358252052, 0.4082482904638631, -0.3250575836718683, -0.4440369169885575, -0.4440369169885575]], "V_T2_AK": [[0.0, 1.0, 0.0, 0.0, 0.0, 0.0], [0.0, 0.0, 0.5, 0.5, 0.5, 0.5]], "M_AK": [[2.1463139458208962e-06, 8.010153510677727e-06, 5.863839266225528e-06, 0.2679448997104773, 0.36601953999140013, 0.36601953999139997], [0.10592923655030666, 0.39533329671639494, 0.2894040587372549, 0.05609071740119216, 0.07662134529742558, 0.07662134529742573]], "V_T1_WKA": [[0.5773502691896258, 0.0, 0.5773502691896258, 0.0, 0.5773502691896258, 0.0], [0.0, 0.5773502691896258, 0.0, 0.5773502691896258, 0.0, 0.5773502691896258]], "V_T2_WKA": [[0.0, 1.0, 0.0, 0.0, 0.0, 0.0], [0.0, 0.0, 0.5, 0.5, 0.5, 0.5]], "V_T3_WKA": [[0.14942924536134244, 0.5576775358252056, 0.4082482904638631, 0.32505758367186816, 0.44403691698855746, 0.4440369169885574], [0.14942924536134217, 0.5576775358252052, 0.4082482904638631, -0.3250575836718683, -0.4440369169885575, -0.4440369169885575]], "M_WKA": [[1.8255040137716417e-05, 0.33331507829375545, 1.8255044476902962e-05, 0.33331507829375695, 1.825503411857815e-05, 0.33331507829375445], [0.33201657049203226, 0.0013167628448950775, 0.33201657051988026, 0.0013167628448934284, 0.33201657045340266, 0.0013167628448962582]], "V_T1_WAK": [[0.5773502691896258, 0.0, 0.5773502691896258, 0.0, 0.5773502691896258, 0.0], [0.0, 0.5773502691896258, 0.0, 0.5773502691896258, 0.0, 0.5773502691896258]], "V_T2_WAK": [[0.14942924536134244, 0.5576775358252056, 0.4082482904638631, 0.32505758367186816, 0.44403691698855746, 0.4440369169885574], [0.14942924536134217, 0.5576775358252052, 0.4082482904638631, -0.3250575836718683, -0.4440369169885575, -0.4440369169885575]], "V_T3_WAK": [[0.0, 1.0, 0.0, 0.0, 0.0, 0.0], [0.0, 0.0, 0.5, 0.5, 0.5, 0.5]], "M_WAK": [[0.062391130960954805, 0.27094220237237854, 0.062391130960954805, 0.27094220237237854, 0.062391130960954805, 0.27094220237237854], [0.19579685444821365, 0.1375364788851197, 0.19579685444821365, 0.1375364788851197, 0.19579685444821365, 0.1375364788851197]], "V_T1_KWA": [[0.0, 1.0, 0.0, 0.0, 0.0, 0.0], [0.0, 0.0, 0.5, 0.5, 0.5, 0.5]], "V_T2_KWA": [[0.5773502691896258, 0.0, 0.5773502691896258, 0.0, 0.5773502691896258, 0.0], [0.0, 0.5773502691896258, 0.0, 0.5773502691896258, 0.0, 0.5773502691896258]], "V_T3_KWA": [[0.14942924536134244, 0.5576775358252056, 0.4082482904638631, 0.32505758367186816, 0.44403691698855746, 0.4440369169885574], [0.14942924536134217, 0.5576775358252052, 0.4082482904638631, -0.3250575836718683, -0.4440369169885575, -0.4440369169885575]], "M_KWA": [[0.0, 1.4392169975221002e-05, 0.24999640195177114, 0.24999640196256917, 0.24999640196608583, 0.2499964019495985], [0.0, 0.9997262009119728, 6.844977319662487e-05, 6.844977095648314e-05, 6.844977022687027e-05, 6.844977364737457e-05]], "V_T1_KAW": [[0.0, 1.0, 0.0, 0.0, 0.0, 0.0], [0.0, 0.0, 0.5, 0.5, 0.5, 0.5]], "V_T2_KAW": [[0.14942924536134244, 0.5576775358252056, 0.4082482904638631, 0.32505758367186816, 0.44403691698855746, 0.4440369169885574], [0.14942924536134217, 0.5576775358252052, 0.4082482904638631, -0.3250575836718683, -0.4440369169885575, -0.4440369169885575]], "V_T3_KAW": [[0.5773502691896258, 0.0, 0.5773502691896258, 0.0, 0.5773502691896258, 0.0], [0.0, 0.5773502691896258, 0.0, 0.5773502691896258, 0.0, 0.5773502691896258]],