{"W": [[0.1, 0.0, 0.0, 0.0, 0.0, 0.0], [0.0, 0.1, 0.0, 0.0, 0.0, 0.0], [0.0, 0.0, 0.1, 0.0, 0.0, 0.0], [0.0, 0.0, 0.0, 0.1, 0.0, 0.0], [0.0, 0.0, 0.0, 0.0, -0.2, 0.0], [0.0, 0.0, 0.0, 0.0, 0.0, -0.2]], "K": [[1, 0, 0, 0, 0, 0], [0, 3, 0, 0, 0, 0], [0, 0, 2, 0, 0, 0], [0, 0, 0, 2, 0, 0], [0, 0, 0, 0, 2, 0], [0, 0, 0, 0, 0, 2]], "A": [[0, 0, 0, 1, 0, 0], [0, 0, 0, 1, 1, 1], [0, 0, 0, 0, 1, 1], [1, 1, 0, 0, 0, 0], [0, 1, 1, 0, 0, 0], [0, 1, 1, 0, 0, 0]], "V_W": [[0.5, 0.5, 0.5, 0.5, 0.0, 0.0], [0.0, 0.0, 0.0, 0.0, 0.7071067811865475, 0.7071067811865475]], "M_W": [[0.25, 0.25, 0.25, 0.25, 0.0, 0.0], [0.0, 0.0, 0.0, 0.0, 0.5, 0.5]], "V_K": [[0.0, 1.0, 0.0, 0.0, 0.0, 0.0], [0.0, 0.0, 0.5, 0.5, 0.5, 0.5]], "M_K": [[0.0, 1.0, 0.0, 0.0, 0.0, 0.0], [0.0, 0.0, 0.25, 0.25, 0.25, 0.25]], "V_A": [[0.14942924536134244, 0.5576775358252056, 0.4082482904638631, 0.32505758367186816, 0.44403691698855746, 0.4440369169885574], [0.14942924536134217, 0.5576775358252052, 0.4082482904638631, -0.3250575836718683, -0.4440369169885575, -0.4440369169885575]], "M_A": [[7.251220336159617e-80, 4.589912368537415e-77, 1.1773088123918072e-79, 0.2679492126839786, 0.36602540318914495, 0.36602538412687646], [0.1339669159235962, 0.49997133756325396, 0.3660044213457082, 1.5127605535094847e-05, 2.09903020230361e-05, 2.1207259883496368e-05]], "V_T1_WK": [[0.5, 0.5, 0.5, 0.5, 0.0, 0.0], [0.0, 0.0, 0.0, 0.0, 0.7071067811865475, 0.7071067811865475]], "V_T2_WK": [[0.0, 1.0, 0.0, 0.0, 0.0, 0.0], [0.0, 0.0, 0.5, 0.5, 0.5, 0.5]], "M_WK": [[0.0002536687455075594, 0.000253661695737734, 0.0002536671897036478, 0.0002536711421355722, 0.49949266561345906, 0.4994926656134564], [0.24999999922187235, 0.2500000027557187, 0.250000000001752, 0.2499999980205118, 7.138179953657114e-14, 7.403536614272659e-14]], "V_T1_WA": [[0.5, 0.5, 0.5, 0.5, 0.0, 0.0], [0.0, 0.0, 0.0, 0.0, 0.7071067811865475, 0.7071067811865475]], "V_T2_WA": [[0.14942924536134244, 0.5576775358252056, 0.4082482904638631, 0.32505758367186816, 0.44403691698855746, 0.4440369169885574], [0.14942924536134217, 0.5576775358252052, 0.4082482904638631, -0.3250575836718683, -0.4440369169885575, -0.4440369169885575]], "M_WA": [[0.24951865694159206, 0.24951865694159192, 0.24951865694159192, 0.24951865694159192, 0.0009626861168160597, 0.0009626861168160597], [0.001380443787866143, 0.001380443787866111, 0.001380443787866111, 0.001380443787866111, 0.4972391124242677, 0.4972391124242677]], "V_T1_KW": [[0.0, 1.0, 0.0, 0.0, 0.0, 0.0], [0.0, 0.0, 0.5, 0.5, 0.5, 0.5]], "V_T2_KW": [[0.5, 0.5, 0.5, 0.5, 0.0, 0.0], [0.0, 0.0, 0.0, 0.0, 0.7071067811865475, 0.7071067811865475]], "M_KW": [[0.0, 6.047169413351917e-09, 0.24999999848820764, 0.24999999848820764, 0.24999999848820764, 0.24999999848820764], [0.0, 0.9994912664262363, 0.00012718339344097197, 0.00012718339344097197, 0.00012718339344097197, 0.00012718339344097197]], "V_T1_KA": [[0.0, 1.0, 0.0, 0.0, 0.0, 0.0], [0.0, 0.0, 0.5, 0.5, 0.5, 0.5]], "V_T2_KA": [[0.14942924536134244, 0.5576775358252056, 0.4082482904638631, 0.32505758367186816, 0.44403691698855746, 0.4440369169885574], [0.14942924536134217, 0.5576775358252052, 0.4082482904638631, -0.3250575836718683, -0.4440369169885575, -0.4440369169885575]], "M_KA": [[0.0, 1.805413118964941e-07, 0.24999995486462315, 0.24999995486288876, 0.249999954867218, 0.24999995486395812], [0.0, 0.9995394787386218, 0.00011513031534526683, 0.0001151303153723299, 0.00011513031530476096, 0.00011513031535563319]], "V_T1_AW": [[0.14942924536134244, 0.5576775358252056, 0.4082482904638631, 0.32505758367186816, 0.44403691698855746, 0.4440369169885574], [0.14942924536134217, 0.5576775358252052, 0.4082482904638631, -0.3250575836718683, -0.4440369169885575, -0.4440369169885575]], "V_T2_AW": [[0.5, 0.5, 0.5, 0.5, 0.0, 0.0], [0.0, 0.0, 0.0, 0.0, 0.7071067811865475, 0.7071067811865475]], "M_AW": [[0.1339576631256269, 0.4999368048480329, 0.36597914172241, 3.386654306566227e-05, 4.626316095289245e-05, 4.626059991164351e-05], [2.3468400780547992e-15, 1.5665058285394112e-14, 1.064076695293729e-15, 0.2679491923591097, 0.3660254035665573, 0.3660254040743139]], "V_T1_AK": [[0.14942924536134244, 0.5576775358252056, 0.4082482904638631, 0.32505758367186816, 0.44403691698855746, 0.4440369169885574], [0.14942924536134217, 0.5576775358252052, 0.4082482904638631, -0.3250575836718683, -0.4440369169885575, -0.4440369169885575]], "V_T2_AK": [[0.0, 1.0, 0.0, 0.0, 0.0, 0.0], [0.0, 0.0, 0.5, 0.5, 0.5, 0.5]], "M_AK": [[0.12491892739472901, 0.4662037876890758, 0.34128485889433, 0.018111335853156857, 0.02474054508435415, 0.024740545084354217], [0.005968380541979218, 0.02227430038900551, 0.016305919492923, 0.2560124307001431, 0.34971948443797457, 0.3497194844379746]], "V_T1_WKA": [[0.5, 0.5, 0.5, 0.5, 0.0, 0.0], [0.0, 0.0, 0.0, 0.0, 0.7071067811865475, 0.7071067811865475]], "V_T2_WKA": [[0.0, 1.0, 0.0, 0.0, 0.0, 0.0], [0.0, 0.0, 0.5, 0.5, 0.5, 0.5]], "V_T3_WKA": [[0.14942924536134244, 0.5576775358252056, 0.4082482904638631, 0.32505758367186816, 0.44403691698855746, 0.4440369169885574], [0.14942924536134217, 0.5576775358252052, 0.4082482904638631, -0.3250575836718683, -0.4440369169885575, -0.4440369169885575]], "M_WKA": [[0.23102947888163292, 0.23102947888163416, 0.23102947888163416, 0.23102947888163416, 0.03794104223673224, 0.03794104223673224], [0.09818449301808563, 0.09818449301808493, 0.09818449301808493, 0.09818449301808493, 0.30363101396382974, 0.30363101396382974]], "V_T1_WAK": [[0.5, 0.5, 0.5, 0.5, 0.0, 0.0], [0.0, 0.0, 0.0, 0.0, 0.7071067811865475, 0.7071067811865475]], "V_T2_WAK": [[0.14942924536134244, 0.5576775358252056, 0.4082482904638631, 0.32505758367186816, 0.44403691698855746, 0.4440369169885574], [0.14942924536134217, 0.5576775358252052, 0.4082482904638631, -0.3250575836718683, -0.4440369169885575, -0.4440369169885575]], "V_T3_WAK": [[0.0, 1.0, 0.0, 0.0, 0.0, 0.0], [0.0, 0.0, 0.5, 0.5, 0.5, 0.5]], "M_WAK": [[0.24982716493911442, 0.24982716493911442, 0.24982716493911442, 0.24982716493911442, 0.0003456701217711748, 0.0003456701217711748], [0.0004619539480357568, 0.0004619539480357568, 0.0004619539480357568, 0.0004619539480357568, 0.4990760921039285, 0.4990760921039285]], "V_T1_KWA": [[0.0, 1.0, 0.0, 0.0, 0.0, 0.0], [0.0, 0.0, 0.5, 0.5, 0.5, 0.5]], "V_T2_KWA": [[0.5, 0.5, 0.5, 0.5, 0.0, 0.0], [0.0, 0.0, 0.0, 0.0, 0.7071067811865475, 0.7071067811865475]], "V_T3_KWA": [[0.14942924536134244, 0.5576775358252056, 0.4082482904638631, 0.32505758367186816, 0.44403691698855746, 0.4440369169885574], [0.14942924536134217, 0.5576775358252052, 0.4082482904638631, -0.3250575836718683, -0.4440369169885575, -0.4440369169885575]], "M_KWA": [[0.0, 1.09124791920073e-12, 0.25000000000170336, 0.24999999999862965, 0.24999999999069394, 0.25000000000788186], [0.0, 0.9995397481442028, 0.00011506296353092, 0.00011506296418158837, 0.00011506296586153145, 0.00011506296222294882]], "V_T1_KAW": [[0.0, 1.0, 0.0, 0.0, 0.0, 0.0], [0.0, 0.0, 0.5, 0.5, 0.5, 0.5]], "V_T2_KAW": [[0.14942924536134244, 0.5576775358252056, 0.4082482904638631, 0.32505758367186816, 0.44403691698855746, 0.4440369169885574], [0.14942924536134217, 0.5576775358252052, 0.4082482904638631, -0.3250575836718683, -0.4440369169885575, -0.4440369169885575]], "V_T3_KAW": [[0.5, 0.5, 0.5, 0.5, 0.0, 0.0], [0.0, 0.0, 0.0, 0.0, 0.7071067811865475, 0.7071067811865475]], "M_KAW": [[0.0, 0.0017942848336014356, 0.24955142879159964, 0.24955142879159964, 0.24955142879159964, 0.24955142879159964], [0.0, 0.9999985277741578, 3.6805646051855473e-07, 3.6805646051855473e-07, 3.6805646051855473e-07, 3.6805646051855473e-07]], "V_T1_AWK": [[0.14942924536134244, 0.5576775358252056, 0.4082482904638631, 0.32505758367186816, 0.44403691698855746, 0.4440369169885574], [0.14942924536134217, 0.5576775358252052, 0.4082482904638631, -0.3250575836718683, -0.4440369169885575, -0.4440369169885575]], "V_T2_AWK": [[0.5, 0.5, 0.5, 0.5, 0.0, 0.0], [0.0, 0.0, 0.0, 0.0, 0.7071067811865475, 0.7071067811865475]], "V_T3_AWK": [[0.0, 1.0, 0.0, 0.0, 0.0, 0.0], [0.0, 0.0, 0.5, 0.5, 0.5, 0.5]],