{"W": [[0.2, 0.0, 0.0, 0.0, 0.0, 0.0], [0.0, 0.2, 0.0, 0.0, 0.0, 0.0], [0.0, 0.0, 0.2, 0.0, 0.0, 0.0], [0.0, 0.0, 0.0, -0.2, 0.0, 0.0], [0.0, 0.0, 0.0, 0.0, -0.2, 0.0], [0.0, 0.0, 0.0, 0.0, 0.0, -0.2]], "K": [[1, 0, 0, 0, 0, 0], [0, 3, 0, 0, 0, 0], [0, 0, 2, 0, 0, 0], [0, 0, 0, 2, 0, 0], [0, 0, 0, 0, 2, 0], [0, 0, 0, 0, 0, 2]], "A": [[0, 0, 0, 1, 0, 0], [0, 0, 0, 1, 1, 1], [0, 0, 0, 0, 1, 1], [1, 1, 0, 0, 0, 0], [0, 1, 1, 0, 0, 0], [0, 1, 1, 0, 0, 0]], "C_W": [[0.5773502691896258, 0.0], [0.0, 0.5773502691896258]], "V_W": [[0.5773502691896258, 0.5773502691896258, 0.5773502691896258, 0.0, 0.0, 0.0], [0.0, 0.0, 0.0, 0.5773502691896258, 0.5773502691896258, 0.5773502691896258]], "M_W": [[0.33333333333333337, 0.33333333333333337, 0.33333333333333337, 0.0, 0.0, 0.0], [0.0, 0.0, 0.0, 0.33333333333333337, 0.33333333333333337, 0.33333333333333337]], "C_K": [[0.5773502691896258, 0.0], [0.0, 0.5]], "V_K": [[0.0, 1.0, 0.0, 0.0, 0.0, 0.0], [0.0, 0.0, 0.5, 0.5, 0.5, 0.5]], "M_K": [[0.0, 1.0, 0.0, 0.0, 0.0, 0.0], [0.0, 0.0, 0.25, 0.25, 0.25, 0.25]], "C_A": [[1, 1], [-1, 1]], "V_A": [[0.1494292453613424, 0.5576775358252054, 0.40824829046386313, 0.32505758367186816, 0.4440369169885575, 0.44403691698855746], [0.1494292453613425, 0.5576775358252053, 0.40824829046386296, -0.32505758367186827, -0.44403691698855746, -0.4440369169885575]], "M_A": [[0.13397459621556151, 0.5, 0.36602540378443865, -4.976993662575721e-17, 2.4884968312878604e-17, -2.4884968312878604e-17], [-4.575856368375734e-17, 4.575856368375734e-17, 6.8637845525636e-17, 0.26794919243112275, 0.36602540378443854, 0.36602540378443854]], "C_T1_WK": [[0.5773502691896258, 0.0], [0.2886751345948129, 0.8660254037844388]], "V_T1_WK": [[0.5773502691896258, 0.5773502691896258, 0.5773502691896258, 0.0, 0.0, 0.0], [0.0, 0.0, 0.0, 0.5773502691896258, 0.5773502691896258, 0.5773502691896258]], "V_T2_WK": [[0.0, 1.0, 0.0, 0.0, 0.0, 0.0], [0.0, 0.0, 0.5, 0.5, 0.5, 0.5]], "M_WK": [[0.33333333333333337, 0.33333333333333337, 0.33333333333333337, 0.0, 0.0, 0.0], [0.08333333333333334, 0.08333333333333334, 0.08333333333333334, 0.25, 0.25, 0.25]], "C_T1_WA": [[0.6439505508593791, 0.7004017505420328], [0.6439505508593791, -0.7004017505420329]], "V_T1_WA": [[0.5773502691896258, 0.5773502691896258, 0.5773502691896258, 0.0, 0.0, 0.0], [0.0, 0.0, 0.0, 0.5773502691896258, 0.5773502691896258, 0.5773502691896258]], "V_T2_WA": [[0.1494292453613424, 0.5576775358252054, 0.40824829046386313, 0.32505758367186816, 0.4440369169885575, 0.44403691698855746], [0.1494292453613425, 0.5576775358252053, 0.40824829046386296, -0.32505758367186827, -0.44403691698855746, -0.4440369169885575]], "M_WA": [[0.15966810440688223, 0.15966810440688223, 0.15966810440688223, 0.1736652289264511, 0.1736652289264511, 0.1736652289264511], [-3.802402514498746, -3.802402514498746, -3.802402514498746, 4.13573584783208, 4.13573584783208, 4.13573584783208]], "C_T1_KW": [[0.5773502691896258, 0.2886751345948129], [0.0, 0.8660254037844388]], "V_T1_KW": [[0.0, 1.0, 0.0, 0.0, 0.0, 0.0], [0.0, 0.0, 0.5, 0.5, 0.5, 0.5]], "V_T2_KW": [[0.5773502691896258, 0.5773502691896258, 0.5773502691896258, 0.0, 0.0, 0.0], [0.0, 0.0, 0.0, 0.5773502691896258, 0.5773502691896258, 0.5773502691896258]], "M_KW": [[0.0, 0.5, 0.125, 0.125, 0.125, 0.125], [0.0, 0.0, 0.25, 0.25, 0.25, 0.25]], "C_T1_KA": [[0.5576775358252054, 0.810689854056423], [0.5576775358252053, -0.4024415635925601]], "V_T1_KA": [[0.0, 1.0, 0.0, 0.0, 0.0, 0.0], [0.0, 0.0, 0.5, 0.5, 0.5, 0.5]], "V_T2_KA": [[0.1494292453613424, 0.5576775358252054, 0.40824829046386313, 0.32505758367186816, 0.4440369169885575, 0.44403691698855746], [0.1494292453613425, 0.5576775358252053, 0.40824829046386296, -0.32505758367186827, -0.44403691698855746, -0.4440369169885575]], "M_KA": [[0.0, 0.25592606039910887, 0.1860184849002228, 0.1860184849002228, 0.1860184849002228, 0.1860184849002228], [-0.0, -2.2559260603991107, 0.8139815150997777, 0.8139815150997777, 0.8139815150997777, 0.8139815150997777]], "C_T1_AW": [[0.6439505508593792, 0.6439505508593791], [0.7004017505420334, -0.7004017505420328]], "V_T1_AW": [[0.1494292453613424, 0.5576775358252054, 0.40824829046386313, 0.32505758367186816, 0.4440369169885575, 0.44403691698855746], [0.1494292453613425, 0.5576775358252053, 0.40824829046386296, -0.32505758367186827, -0.44403691698855746, -0.4440369169885575]], "V_T2_AW": [[0.5773502691896258, 0.5773502691896258, 0.5773502691896258, 0.0, 0.0, 0.0], [0.0, 0.0, 0.0, 0.5773502691896258, 0.5773502691896258, 0.5773502691896258]], "M_AW": [[0.1339745962155615, 0.5, 0.3660254037844386, -2.0570219181645667e-17, 4.7648657675599066e-17, 2.276368936272047e-17], [5.034424491211626e-18, 2.4007064912117617e-16, 1.9089783440713085e-16, 0.2679491924311227, 0.36602540378443843, 0.36602540378443843]], "C_T1_AK": [[0.5576775358252054, 0.5576775358252053], [0.8106898540564236, -0.40244156359256]], "V_T1_AK": [[0.1494292453613424, 0.5576775358252054, 0.40824829046386313, 0.32505758367186816, 0.4440369169885575, 0.44403691698855746], [0.1494292453613425, 0.5576775358252053, 0.40824829046386296, -0.32505758367186827, -0.44403691698855746, -0.4440369169885575]], "V_T2_AK": [[0.0, 1.0, 0.0, 0.0, 0.0, 0.0], [0.0, 0.0, 0.5, 0.5, 0.5, 0.5]], "M_AK": [[0.1339745962155615, 0.5, 0.3660254037844386, -2.95902656206904e-17, 6.692602175187088e-17, 1.9729801223986105e-17], [0.03165713322154653, 0.11814602960478829, 0.08648889638324177, 0.2046349259880297, 0.2795365074011969, 0.2795365074011969]], "C_T1_WKA": [[0.4434131671602496, 0.6862889506213695], [0.09321229188923312, -0.36431367519167995]], "V_T1_WKA": [[0.5773502691896258, 0.5773502691896258, 0.5773502691896258, 0.0, 0.0, 0.0], [0.0, 0.0, 0.0, 0.5773502691896258, 0.5773502691896258, 0.5773502691896258]], "C_T2_WKA": [[0.3717850238834704, 0.7924582207662269], [0.3717850238834704, -0.42067319688275656]], "V_T2_WKA": [[0.0, 1.0, 0.0, 0.0, 0.0, 0.0], [0.0, 0.0, 0.5, 0.5, 0.5, 0.5]], "V_T3_WKA": [[0.1494292453613424, 0.5576775358252054, 0.40824829046386313, 0.32505758367186816, 0.4440369169885575, 0.44403691698855746], [0.1494292453613425, 0.5576775358252053, 0.40824829046386296, -0.32505758367186827, -0.44403691698855746, -0.4440369169885575]], "M_WKA": [[0.13083483400354956, 0.13083483400354956, 0.13083483400354956, 0.20249849932978378, 0.20249849932978378, 0.20249849932978378], [-0.1146093892424535, -0.1146093892424535, -0.1146093892424535, 0.4479427225757869, 0.4479427225757869, 0.4479427225757869]], "C_T1_WAK": [[0.47882234186205636, 2.2782560469905228e-18], [0.23941117093102854, 0.8496793685588861]], "V_T1_WAK": [[0.5773502691896258, 0.5773502691896258, 0.5773502691896258, 0.0, 0.0, 0.0], [0.0, 0.0, 0.0, 0.5773502691896258, 0.5773502691896258, 0.5773502691896258]], "C_T2_WAK": [[0.37178502388347046, 0.3717850238834704], [0.7924582207662273, -0.42067319688275645]], "V_T2_WAK": [[0.1494292453613424, 0.5576775358252054, 0.40824829046386313, 0.32505758367186816, 0.4440369169885575, 0.44403691698855746], [0.1494292453613425, 0.5576775358252053, 0.40824829046386296, -0.32505758367186827, -0.44403691698855746, -0.4440369169885575]], "V_T3_WAK": [[0.0, 1.0, 0.0, 0.0, 0.0, 0.0], [0.0, 0.0, 0.5, 0.5, 0.5, 0.5]], "M_WAK": [[0.3333333333333333, 0.3333333333333333, 0.3333333333333333, 1.586013466658485e-18, 1.586013466658485e-18, 1.586013466658485e-18], [0.07327556410604115, 0.07327556410604115, 0.07327556410604115, 0.2600577692272922, 0.2600577692272922, 0.2600577692272922]], "C_T1_KWA": [[0.32100748761780573, 0.7685211343512204], [0.1188189180096418, -0.24242171368959928]], "V_T1_KWA": [[0.0, 1.0, 0.0, 0.0, 0.0, 0.0], [0.0, 0.0, 0.5, 0.5, 0.5, 0.5]], "C_T2_KWA": [[0.5560012781640767, 0.7020780082031615], [0.20580040289306026, -0.3485246176098878]], "V_T2_KWA": [[0.5773502691896258, 0.5773502691896258, 0.5773502691896258, 0.0, 0.0, 0.0], [0.0, 0.0, 0.0, 0.5773502691896258, 0.5773502691896258, 0.5773502691896258]],