{"W": [[0.1, 0.0, 0.0, 0.0, 0.0, 0.0], [0.0, 0.3, 0.0, 0.0, 0.0, 0.0], [0.0, 0.0, 0.2, 0.0, 0.0, 0.0], [0.0, 0.0, 0.0, 0.2, 0.0, 0.0], [0.0, 0.0, 0.0, 0.0, 0.2, 0.0], [0.0, 0.0, 0.0, 0.0, 0.0, 0.2]], "K": [[1, 0, 0, 0, 0, 0], [0, 3, 0, 0, 0, 0], [0, 0, 2, 0, 0, 0], [0, 0, 0, 2, 0, 0], [0, 0, 0, 0, 2, 0], [0, 0, 0, 0, 0, 2]], "A": [[0, 0, 0, 1, 0, 0], [0, 0, 0, 1, 1, 1], [0, 0, 0, 0, 1, 1], [1, 1, 0, 0, 0, 0], [0, 1, 1, 0, 0, 0], [0, 1, 1, 0, 0, 0]], "C_W": [[1.0, 0.0], [0.0, 0.5]], "V_W": [[0.0, 1.0, 0.0, 0.0, 0.0, 0.0], [0.0, 0.0, 0.5, 0.5, 0.5, 0.5]], "M_W": [[0.0, 1.0, 0.0, 0.0, 0.0, 0.0], [0.0, 0.0, 0.25, 0.25, 0.25, 0.25]], "C_K": [[1.0, 0.0], [0.0, 0.5]], "V_K": [[0.0, 1.0, 0.0, 0.0, 0.0, 0.0], [0.0, 0.0, 0.5, 0.5, 0.5, 0.5]], "M_K": [[0.0, 1.0, 0.0, 0.0, 0.0, 0.0], [0.0, 0.0, 0.25, 0.25, 0.25, 0.25]], "C_A": [[1, 1], [-1, 1]], "V_A": [[0.1494292453613424, 0.5576775358252054, 0.40824829046386313, 0.32505758367186816, 0.4440369169885575, 0.44403691698855746], [0.1494292453613425, 0.5576775358252053, 0.40824829046386296, -0.32505758367186827, -0.44403691698855746, -0.4440369169885575]], "M_A": [[0.13397459621556151, 0.5, 0.36602540378443865, -4.976993662575721e-17, 2.4884968312878604e-17, -2.4884968312878604e-17], [-4.575856368375734e-17, 4.575856368375734e-17, 6.8637845525636e-17, 0.26794919243112275, 0.36602540378443854, 0.36602540378443854]], "C_T1_WK": [[1.0, 0.0], [0.0, 1.0]], "V_T1_WK": [[0.0, 1.0, 0.0, 0.0, 0.0, 0.0], [0.0, 0.0, 0.5, 0.5, 0.5, 0.5]], "V_T2_WK": [[0.0, 1.0, 0.0, 0.0, 0.0, 0.0], [0.0, 0.0, 0.5, 0.5, 0.5, 0.5]], "M_WK": [[0.0, 1.0, 0.0, 0.0, 0.0, 0.0], [0.0, 0.0, 0.25, 0.25, 0.25, 0.25]], "C_T1_WA": [[0.5576775358252054, 0.810689854056423], [0.5576775358252053, -0.4024415635925601]], "V_T1_WA": [[0.0, 1.0, 0.0, 0.0, 0.0, 0.0], [0.0, 0.0, 0.5, 0.5, 0.5, 0.5]], "V_T2_WA": [[0.1494292453613424, 0.5576775358252054, 0.40824829046386313, 0.32505758367186816, 0.4440369169885575, 0.44403691698855746], [0.1494292453613425, 0.5576775358252053, 0.40824829046386296, -0.32505758367186827, -0.44403691698855746, -0.4440369169885575]], "M_WA": [[0.0, 0.25592606039910887, 0.1860184849002228, 0.1860184849002228, 0.1860184849002228, 0.1860184849002228], [-0.0, -2.2559260603991107, 0.8139815150997777, 0.8139815150997777, 0.8139815150997777, 0.8139815150997777]], "C_T1_KW": [[1.0, 0.0], [0.0, 1.0]], "V_T1_KW": [[0.0, 1.0, 0.0, 0.0, 0.0, 0.0], [0.0, 0.0, 0.5, 0.5, 0.5, 0.5]], "V_T2_KW": [[0.0, 1.0, 0.0, 0.0, 0.0, 0.0], [0.0, 0.0, 0.5, 0.5, 0.5, 0.5]], "M_KW": [[0.0, 1.0, 0.0, 0.0, 0.0, 0.0], [0.0, 0.0, 0.25, 0.25, 0.25, 0.25]], "C_T1_KA": [[0.5576775358252054, 0.810689854056423], [0.5576775358252053, -0.4024415635925601]], "V_T1_KA": [[0.0, 1.0, 0.0, 0.0, 0.0, 0.0], [0.0, 0.0, 0.5, 0.5, 0.5, 0.5]], "V_T2_KA": [[0.1494292453613424, 0.5576775358252054, 0.40824829046386313, 0.32505758367186816, 0.4440369169885575, 0.44403691698855746], [0.1494292453613425, 0.5576775358252053, 0.40824829046386296, -0.32505758367186827, -0.44403691698855746, -0.4440369169885575]], "M_KA": [[0.0, 0.25592606039910887, 0.1860184849002228, 0.1860184849002228, 0.1860184849002228, 0.1860184849002228], [-0.0, -2.2559260603991107, 0.8139815150997777, 0.8139815150997777, 0.8139815150997777, 0.8139815150997777]], "C_T1_AW": [[0.5576775358252054, 0.5576775358252053], [0.8106898540564236, -0.40244156359256]], "V_T1_AW": [[0.1494292453613424, 0.5576775358252054, 0.40824829046386313, 0.32505758367186816, 0.4440369169885575, 0.44403691698855746], [0.1494292453613425, 0.5576775358252053, 0.40824829046386296, -0.32505758367186827, -0.44403691698855746, -0.4440369169885575]], "V_T2_AW": [[0.0, 1.0, 0.0, 0.0, 0.0, 0.0], [0.0, 0.0, 0.5, 0.5, 0.5, 0.5]], "M_AW": [[0.1339745962155615, 0.5, 0.3660254037844386, -2.95902656206904e-17, 6.692602175187088e-17, 1.9729801223986105e-17], [0.03165713322154653, 0.11814602960478829, 0.08648889638324177, 0.2046349259880297, 0.2795365074011969, 0.2795365074011969]], "C_T1_AK": [[0.5576775358252054, 0.5576775358252053], [0.8106898540564236, -0.40244156359256]], "V_T1_AK": [[0.1494292453613424, 0.5576775358252054, 0.40824829046386313, 0.32505758367186816, 0.4440369169885575, 0.44403691698855746], [0.1494292453613425, 0.5576775358252053, 0.40824829046386296, -0.32505758367186827, -0.44403691698855746, -0.4440369169885575]], "V_T2_AK": [[0.0, 1.0, 0.0, 0.0, 0.0, 0.0], [0.0, 0.0, 0.5, 0.5, 0.5, 0.5]], "M_AK": [[0.1339745962155615, 0.5, 0.3660254037844386, -2.95902656206904e-17, 6.692602175187088e-17, 1.9729801223986105e-17], [0.03165713322154653, 0.11814602960478829, 0.08648889638324177, 0.2046349259880297, 0.2795365074011969, 0.2795365074011969]], "C_T1_WKA": [[0.5576775358252054, 0.810689854056423], [0.5576775358252053, -0.4024415635925601]], "V_T1_WKA": [[0.0, 1.0, 0.0, 0.0, 0.0, 0.0], [0.0, 0.0, 0.5, 0.5, 0.5, 0.5]], "C_T2_WKA": [[0.5576775358252054, 0.810689854056423], [0.5576775358252053, -0.4024415635925601]], "V_T2_WKA": [[0.0, 1.0, 0.0, 0.0, 0.0, 0.0], [0.0, 0.0, 0.5, 0.5, 0.5, 0.5]], "V_T3_WKA": [[0.1494292453613424, 0.5576775358252054, 0.40824829046386313, 0.32505758367186816, 0.4440369169885575, 0.44403691698855746], [0.1494292453613425, 0.5576775358252053, 0.40824829046386296, -0.32505758367186827, -0.44403691698855746, -0.4440369169885575]], "M_WKA": [[0.0, 0.25592606039910887, 0.1860184849002228, 0.1860184849002228, 0.1860184849002228, 0.1860184849002228], [-0.0, -2.2559260603991107, 0.8139815150997777, 0.8139815150997777, 0.8139815150997777, 0.8139815150997777]], "C_T1_WAK": [[0.6220084679281465, 0.22767090063073983], [0.2276709006307402, 0.8191772515768494]], "V_T1_WAK": [[0.0, 1.0, 0.0, 0.0, 0.0, 0.0], [0.0, 0.0, 0.5, 0.5, 0.5, 0.5]], "C_T2_WAK": [[0.5576775358252054, 0.5576775358252053], [0.8106898540564236, -0.40244156359256]], "V_T2_WAK": [[0.1494292453613424, 0.5576775358252054, 0.40824829046386313, 0.32505758367186816, 0.4440369169885575, 0.44403691698855746], [0.1494292453613425, 0.5576775358252053, 0.40824829046386296, -0.32505758367186827, -0.44403691698855746, -0.4440369169885575]], "V_T3_WAK": [[0.0, 1.0, 0.0, 0.0, 0.0, 0.0], [0.0, 0.0, 0.5, 0.5, 0.5, 0.5]], "M_WAK": [[0.0, 0.5773502691896257, 0.10566243270259354, 0.10566243270259354, 0.10566243270259354, 0.10566243270259354], [0.0, 0.12200846792814642, 0.21949788301796339, 0.21949788301796339, 0.21949788301796339, 0.21949788301796339]], "C_T1_KWA": [[0.5576775358252054, 0.810689854056423], [0.5576775358252053, -0.4024415635925601]], "V_T1_KWA": [[0.0, 1.0, 0.0, 0.0, 0.0, 0.0], [0.0, 0.0, 0.5, 0.5, 0.5, 0.5]], "C_T2_KWA": [[0.5576775358252054, 0.810689854056423], [0.5576775358252053, -0.4024415635925601]], "V_T2_KWA": [[0.0, 1.0, 0.0, 0.0, 0.0, 0.0], [0.0, 0.0, 0.5, 0.5, 0.5, 0.5]], "V_T3_KWA": [[0.1494292453613424, 0.5576775358252054, 0.40824829046386313, 0.32505758367186816, 0.4440369169885575, 0.44403691698855746], [0.1494292453613425, 0.5576775358252053, 0.40824829046386296, -0.32505758367186827, -0.44403691698855746, -0.4440369169885575]], "M_KWA": [[0.0, 0.25592606039910887, 0.1860184849002228, 0.1860184849002228, 0.1860184849002228, 0.1860184849002228], [-0.0, -2.2559260603991107, 0.8139815150997777, 0.8139815150997777, 0.8139815150997777, 0.8139815150997777]], "C_T1_KAW": [[0.6220084679281465, 0.22767090063073983], [0.2276709006307402, 0.8191772515768494]], "V_T1_KAW": [[0.0, 1.0, 0.0, 0.0, 0.0, 0.0], [0.0, 0.0, 0.5, 0.5, 0.5, 0.5]], "C_T2_KAW": [[0.5576775358252054, 0.5576775358252053], [0.8106898540564236, -0.40244156359256]], "V_T2_KAW": [[0.1494292453613424, 0.5576775358252054, 0.40824829046386313, 0.32505758367186816, 0.4440369169885575, 0.44403691698855746], [0.1494292453613425, 0.5576775358252053, 0.40824829046386296, -0.32505758367186827, -0.44403691698855746, -0.4440369169885575]], "V_T3_KAW": [[0.0, 1.0, 0.0, 0.0, 0.0, 0.0], [0.0, 0.0, 0.5, 0.5, 0.5, 0.5]],