{"W": [[0.2, 0.0, 0.0, 0.0, 0.0, 0.0], [0.0, 0.2, 0.0, 0.0, 0.0, 0.0], [0.0, 0.0, 0.2, 0.0, 0.0, 0.0], [0.0, 0.0, 0.0, -0.2, 0.0, 0.0], [0.0, 0.0, 0.0, 0.0, -0.2, 0.0], [0.0, 0.0, 0.0, 0.0, 0.0, -0.2]], "K": [[1, 0, 0, 0, 0, 0], [0, 3, 0, 0, 0, 0], [0, 0, 2, 0, 0, 0], [0, 0, 0, 2, 0, 0], [0, 0, 0, 0, 2, 0], [0, 0, 0, 0, 0, 2]], "A": [[0, 0, 0, 1, 0, 0], [0, 0, 0, 1, 1, 1], [0, 0, 0, 0, 1, 1], [1, 1, 0, 0, 0, 0], [0, 1, 1, 0, 0, 0], [0, 1, 1, 0, 0, 0]], "C_W": [[1.0, 0.0, 0.0], [0.0, 0.7071067811865475, 0.0], [0.0, 0.0, 0.5773502691896258]], "V_W": [[1.0, 0.0, 0.0, 0.0, 0.0, 0.0], [0.0, 0.7071067811865475, 0.7071067811865475, 0.0, 0.0, 0.0], [0.0, 0.0, 0.0, 0.5773502691896258, 0.5773502691896258, 0.5773502691896258]], "M_W": [[1.0, 0.0, 0.0, 0.0, 0.0, 0.0], [0.0, 0.5, 0.5, 0.0, 0.0, 0.0], [0.0, 0.0, 0.0, 0.33333333333333337, 0.33333333333333337, 0.33333333333333337]], "C_K": [[1.0, 0.0, 0.0], [0.0, 1.0, 0.0], [0.0, 0.0, 0.5]], "V_K": [[1.0, 0.0, 0.0, 0.0, 0.0, 0.0], [0.0, 1.0, 0.0, 0.0, 0.0, 0.0], [0.0, 0.0, 0.5, 0.5, 0.5, 0.5]], "M_K": [[1.0, 0.0, 0.0, 0.0, 0.0, 0.0], [0.0, 1.0, 0.0, 0.0, 0.0, 0.0], [0.0, 0.0, 0.25, 0.25, 0.25, 0.25]], "C_A": [[1, 1, 0], [1, -1, 0], [1, 0, 1]], "V_A": [[0.1494292453613424, 0.5576775358252054, 0.40824829046386313, 0.32505758367186816, 0.4440369169885575, 0.44403691698855746], [0.1494292453613425, 0.5576775358252053, 0.40824829046386296, -0.32505758367186827, -0.44403691698855746, -0.4440369169885575], [0.5576775358252051, 0.1494292453613422, -0.40824829046386346, 0.6279630301995544, -0.22985042169049144, -0.22985042169049136]], "M_A": [[0.13397459621556151, 0.5, 0.36602540378443865, -4.976993662575721e-17, 2.4884968312878604e-17, -2.4884968312878604e-17], [-4.575856368375734e-17, 4.575856368375734e-17, 6.8637845525636e-17, 0.26794919243112275, 0.36602540378443854, 0.36602540378443854], [0.252934957948923, 0.25293495794892307, -1.1913938100393056e-16, 0.34089933134219397, 0.07661537637998007, 0.07661537637998007]], "C_T1_WK": [[1.0, 0.0, 0.0], [0.0, 0.7071067811865475, 0.0], [0.0, 0.35355339059327373, 0.8660254037844388]], "V_T1_WK": [[1.0, 0.0, 0.0, 0.0, 0.0, 0.0], [0.0, 0.7071067811865475, 0.7071067811865475, 0.0, 0.0, 0.0], [0.0, 0.0, 0.0, 0.5773502691896258, 0.5773502691896258, 0.5773502691896258]], "V_T2_WK": [[1.0, 0.0, 0.0, 0.0, 0.0, 0.0], [0.0, 1.0, 0.0, 0.0, 0.0, 0.0], [0.0, 0.0, 0.5, 0.5, 0.5, 0.5]], "M_WK": [[1.0, 0.0, 0.0, 0.0, 0.0, 0.0], [0.0, 0.5, 0.5, 0.0, 0.0, 0.0], [0.0, 0.12499999999999997, 0.12499999999999997, 0.25000000000000006, 0.25000000000000006, 0.25000000000000006]], "C_T1_WA": [[0.1494292453613424, 0.6830127018922194, 0.7004017505420328], [0.1494292453613425, 0.6830127018922193, -0.7004017505420329], [0.5576775358252051, -0.18301270189221966, 0.09714621885413738]], "V_T1_WA": [[1.0, 0.0, 0.0, 0.0, 0.0, 0.0], [0.0, 0.7071067811865475, 0.7071067811865475, 0.0, 0.0, 0.0], [0.0, 0.0, 0.0, 0.5773502691896258, 0.5773502691896258, 0.5773502691896258]], "V_T2_WA": [[0.1494292453613424, 0.5576775358252054, 0.40824829046386313, 0.32505758367186816, 0.4440369169885575, 0.44403691698855746], [0.1494292453613425, 0.5576775358252053, 0.40824829046386296, -0.32505758367186827, -0.44403691698855746, -0.4440369169885575], [0.5576775358252051, 0.1494292453613422, -0.40824829046386346, 0.6279630301995544, -0.22985042169049144, -0.22985042169049136]], "M_WA": [[0.06417440944924846, 0.2074149518856991, 0.2074149518856991, 0.17366522892645117, 0.17366522892645117, 0.17366522892645117], [-1.5282760245870053, -4.939465759454575, -4.939465759454575, 4.135735847832052, 4.135735847832052, 4.135735847832052], [1.1938618062480262, -0.2770365962654936, -0.2770365962654936, 0.12007046209432028, 0.12007046209432028, 0.12007046209432028]], "C_T1_KW": [[1.0, 0.0, 0.0], [0.0, 0.7071067811865475, 0.35355339059327373], [0.0, 0.0, 0.8660254037844388]], "V_T1_KW": [[1.0, 0.0, 0.0, 0.0, 0.0, 0.0], [0.0, 1.0, 0.0, 0.0, 0.0, 0.0], [0.0, 0.0, 0.5, 0.5, 0.5, 0.5]], "V_T2_KW": [[1.0, 0.0, 0.0, 0.0, 0.0, 0.0], [0.0, 0.7071067811865475, 0.7071067811865475, 0.0, 0.0, 0.0], [0.0, 0.0, 0.0, 0.5773502691896258, 0.5773502691896258, 0.5773502691896258]], "M_KW": [[1.0, 0.0, 0.0, 0.0, 0.0, 0.0], [0.0, 0.5, 0.125, 0.125, 0.125, 0.125], [0.0, 0.0, 0.25, 0.25, 0.25, 0.25]], "C_T1_KA": [[0.1494292453613424, 0.5576775358252054, 0.810689854056423], [0.1494292453613425, 0.5576775358252053, -0.4024415635925601], [0.5576775358252051, 0.1494292453613422, -0.11999305182264595]], "V_T1_KA": [[1.0, 0.0, 0.0, 0.0, 0.0, 0.0], [0.0, 1.0, 0.0, 0.0, 0.0, 0.0], [0.0, 0.0, 0.5, 0.5, 0.5, 0.5]], "V_T2_KA": [[0.1494292453613424, 0.5576775358252054, 0.40824829046386313, 0.32505758367186816, 0.4440369169885575, 0.44403691698855746], [0.1494292453613425, 0.5576775358252053, 0.40824829046386296, -0.32505758367186827, -0.44403691698855746, -0.4440369169885575], [0.5576775358252051, 0.1494292453613422, -0.40824829046386346, 0.6279630301995544, -0.22985042169049144, -0.22985042169049136]], "M_KA": [[0.06417440944924846, 0.23950215661032334, 0.17408085848510707, 0.17408085848510707, 0.17408085848510707, 0.17408085848510707], [-1.528276024587013, -5.7036037717481065, 2.05796994908378, 2.05796994908378, 2.05796994908378, 2.05796994908378], [1.1938618062480266, 0.3198943068585202, -0.1284390282766367, -0.1284390282766367, -0.1284390282766367, -0.1284390282766367]], "C_T1_AW": [[0.14942924536134247, 0.1494292453613429, 0.5576775358252054], [0.6830127018922195, 0.6830127018922195, -0.18301270189221908], [0.7004017505420334, -0.7004017505420331, 0.09714621885413723]], "V_T1_AW": [[0.1494292453613424, 0.5576775358252054, 0.40824829046386313, 0.32505758367186816, 0.4440369169885575, 0.44403691698855746], [0.1494292453613425, 0.5576775358252053, 0.40824829046386296, -0.32505758367186827, -0.44403691698855746, -0.4440369169885575], [0.5576775358252051, 0.1494292453613422, -0.40824829046386346, 0.6279630301995544, -0.22985042169049144, -0.22985042169049136]], "V_T2_AW": [[1.0, 0.0, 0.0, 0.0, 0.0, 0.0], [0.0, 0.7071067811865475, 0.7071067811865475, 0.0, 0.0, 0.0], [0.0, 0.0, 0.0, 0.5773502691896258, 0.5773502691896258, 0.5773502691896258]], "M_AW": [[0.5989236215335088, 0.4209916246863864, -0.17793199684712288, 0.5897265417877577, -0.21585489558026497, -0.2158548955802649], [0.07096937248728431, 0.510706421762338, 0.43973704927505397, -0.0799138199686139, 0.02925048822196882, 0.029250488221968785], [0.03105123627330768, 0.00832015368342091, -0.022731082589886847, 0.2959447841357082, 0.34370745424872506, 0.34370745424872506]], "C_T1_AK": [[0.14942924536134247, 0.1494292453613429, 0.5576775358252054], [0.5576775358252054, 0.5576775358252056, 0.1494292453613427], [0.8106898540564236, -0.4024415635925602, -0.11999305182264595]], "V_T1_AK": [[0.1494292453613424, 0.5576775358252054, 0.40824829046386313, 0.32505758367186816, 0.4440369169885575, 0.44403691698855746], [0.1494292453613425, 0.5576775358252053, 0.40824829046386296, -0.32505758367186827, -0.44403691698855746, -0.4440369169885575], [0.5576775358252051, 0.1494292453613422, -0.40824829046386346, 0.6279630301995544, -0.22985042169049144, -0.22985042169049136]], "V_T2_AK": [[1.0, 0.0, 0.0, 0.0, 0.0, 0.0], [0.0, 1.0, 0.0, 0.0, 0.0, 0.0], [0.0, 0.0, 0.5, 0.5, 0.5, 0.5]], "M_AK": [[0.5989236215335088, 0.4209916246863864, -0.17793199684712288, 0.5897265417877577, -0.21585489558026497, -0.2158548955802649], [0.1902850462557696, 0.49043121519006755, 0.30014616893429796, 0.07142238215472256, -0.02614240626742889, -0.026142406267428923], [-0.0031604830317386833, 0.11210200460625701, 0.11526248763799574, 0.17049174192347363, 0.3026521244320061, 0.3026521244320061]], "C_T1_WKA": [[0.1494292453613424, 0.6413363016551485, 0.7344303888409767], [0.1494292453613425, 0.2124295757101255, -0.3161722369720728], [0.5576775358252051, -0.08463810535346486, 0.0168236971300996]],