{"W": [[0.2, 0.0, 0.0, 0.0, 0.0, 0.0], [0.0, 0.2, 0.0, 0.0, 0.0, 0.0], [0.0, 0.0, 0.2, 0.0, 0.0, 0.0], [0.0, 0.0, 0.0, -0.2, 0.0, 0.0], [0.0, 0.0, 0.0, 0.0, -0.2, 0.0], [0.0, 0.0, 0.0, 0.0, 0.0, -0.2]], "K": [[1, 0, 0, 0, 0, 0], [0, 3, 0, 0, 0, 0], [0, 0, 2, 0, 0, 0], [0, 0, 0, 2, 0, 0], [0, 0, 0, 0, 2, 0], [0, 0, 0, 0, 0, 2]], "A": [[0, 0, 0, 1, 0, 0], [0, 0, 0, 1, 1, 1], [0, 0, 0, 0, 1, 1], [1, 1, 0, 0, 0, 0], [0, 1, 1, 0, 0, 0], [0, 1, 1, 0, 0, 0]], "V_W": [[1.0, 0.0, 0.0, 0.0, 0.0, 0.0], [0.0, 0.7071067811865475, 0.7071067811865475, 0.0, 0.0, 0.0], [0.0, 0.0, 0.0, 0.5773502691896258, 0.5773502691896258, 0.5773502691896258]], "M_W": [[1.0, 0.0, 0.0, 0.0, 0.0, 0.0], [0.0, 0.5, 0.5, 0.0, 0.0, 0.0], [0.0, 0.0, 0.0, 0.3333333333333333, 0.3333333333333333, 0.3333333333333333]], "V_K": [[1.0, 0.0, 0.0, 0.0, 0.0, 0.0], [0.0, 1.0, 0.0, 0.0, 0.0, 0.0], [0.0, 0.0, 0.5, 0.5, 0.5, 0.5]], "M_K": [[1.0, 0.0, 0.0, 0.0, 0.0, 0.0], [0.0, 1.0, 0.0, 0.0, 0.0, 0.0], [0.0, 0.0, 0.25, 0.25, 0.25, 0.25]], "V_A": [[0.1494292453613424, 0.5576775358252054, 0.40824829046386313, 0.32505758367186816, 0.4440369169885575, 0.44403691698855746], [0.1494292453613425, 0.5576775358252053, 0.40824829046386296, -0.32505758367186827, -0.44403691698855746, -0.4440369169885575], [0.5576775358252051, 0.1494292453613422, -0.40824829046386346, 0.6279630301995544, -0.22985042169049144, -0.22985042169049136]], "M_A": [[0.08600321495912974, 0.5344232412509531, 0.37957354378991726, 2.2610390741250423e-135, 7.320259825001292e-89, 7.320259824885031e-89], [7.404370708425557e-105, 0.0537178530570324, 2.029071849008166e-138, 0.12673331607019228, 0.4097744154363914, 0.4097744154363839], [0.3263951819141486, 0.009861041654636136, 1e-323, 0.6637437764312152, 2.549199241997776e-49, 2.549199241990888e-49]], "V_T1_WK": [[1.0, 0.0, 0.0, 0.0, 0.0, 0.0], [0.0, 0.7071067811865475, 0.7071067811865475, 0.0, 0.0, 0.0], [0.0, 0.0, 0.0, 0.5773502691896258, 0.5773502691896258, 0.5773502691896258]], "V_T2_WK": [[1.0, 0.0, 0.0, 0.0, 0.0, 0.0], [0.0, 1.0, 0.0, 0.0, 0.0, 0.0], [0.0, 0.0, 0.5, 0.5, 0.5, 0.5]], "M_WK": [[0.0, 0.4999945023917746, 0.4999945023917746, 3.665072150274011e-06, 3.665072150274011e-06, 3.665072150274011e-06], [1.0, 0.0, 0.0, 0.0, 0.0, 0.0], [0.0, 0.0001250301532665299, 0.0001250301532665299, 0.33324997989782235, 0.33324997989782235, 0.33324997989782235]], "V_T1_WA": [[1.0, 0.0, 0.0, 0.0, 0.0, 0.0], [0.0, 0.7071067811865475, 0.7071067811865475, 0.0, 0.0, 0.0], [0.0, 0.0, 0.0, 0.5773502691896258, 0.5773502691896258, 0.5773502691896258]], "V_T2_WA": [[0.1494292453613424, 0.5576775358252054, 0.40824829046386313, 0.32505758367186816, 0.4440369169885575, 0.44403691698855746], [0.1494292453613425, 0.5576775358252053, 0.40824829046386296, -0.32505758367186827, -0.44403691698855746, -0.4440369169885575], [0.5576775358252051, 0.1494292453613422, -0.40824829046386346, 0.6279630301995544, -0.22985042169049144, -0.22985042169049136]], "M_WA": [[0.000443826743577482, 5.3825750859390643e-11, 5.3825750596154e-11, 0.33318539104856754, 0.3331853910496358, 0.3331853910505676], [0.9999999930340094, 3.4821655676815762e-09, 3.4821655456626574e-09, 5.532060952546562e-13, 5.532060955289265e-13, 5.532060957681526e-13], [2.384834431928372e-10, 0.49867885683532437, 0.49867885682710994, 0.000880762032637949, 0.000880762033044702, 0.0008807620333995397]], "V_T1_KW": [[1.0, 0.0, 0.0, 0.0, 0.0, 0.0], [0.0, 1.0, 0.0, 0.0, 0.0, 0.0], [0.0, 0.0, 0.5, 0.5, 0.5, 0.5]], "V_T2_KW": [[1.0, 0.0, 0.0, 0.0, 0.0, 0.0], [0.0, 0.7071067811865475, 0.7071067811865475, 0.0, 0.0, 0.0], [0.0, 0.0, 0.0, 0.5773502691896258, 0.5773502691896258, 0.5773502691896258]], "M_KW": [[0.0, 2.2403861216448144e-05, 0.2499943990346959, 0.2499943990346959, 0.2499943990346959, 0.2499943990346959], [1.0, 0.0, 0.0, 0.0, 0.0, 0.0], [0.0, 0.9996662607378887, 8.343481552782896e-05, 8.343481552782896e-05, 8.343481552782896e-05, 8.343481552782896e-05]], "V_T1_KA": [[1.0, 0.0, 0.0, 0.0, 0.0, 0.0], [0.0, 1.0, 0.0, 0.0, 0.0, 0.0], [0.0, 0.0, 0.5, 0.5, 0.5, 0.5]], "V_T2_KA": [[0.1494292453613424, 0.5576775358252054, 0.40824829046386313, 0.32505758367186816, 0.4440369169885575, 0.44403691698855746], [0.1494292453613425, 0.5576775358252053, 0.40824829046386296, -0.32505758367186827, -0.44403691698855746, -0.4440369169885575], [0.5576775358252051, 0.1494292453613422, -0.40824829046386346, 0.6279630301995544, -0.22985042169049144, -0.22985042169049136]], "M_KA": [[0.9999893218515222, 1.0516926391245918e-05, 4.0305521485476054e-08, 4.030552196226036e-08, 4.0305521384321056e-08, 4.030552163813149e-08], [0.0006362512610867335, 5.162936262309112e-05, 0.24982802984288693, 0.24982802984716693, 0.24982802984197894, 0.24982802984425737], [0.0005574331439591989, 0.9988438434176948, 0.00014968085946262847, 0.00014968085990977104, 0.0001496808593677694, 0.00014968085960578422]], "V_T1_AW": [[0.1494292453613424, 0.5576775358252054, 0.40824829046386313, 0.32505758367186816, 0.4440369169885575, 0.44403691698855746], [0.1494292453613425, 0.5576775358252053, 0.40824829046386296, -0.32505758367186827, -0.44403691698855746, -0.4440369169885575], [0.5576775358252051, 0.1494292453613422, -0.40824829046386346, 0.6279630301995544, -0.22985042169049144, -0.22985042169049136]], "V_T2_AW": [[1.0, 0.0, 0.0, 0.0, 0.0, 0.0], [0.0, 0.7071067811865475, 0.7071067811865475, 0.0, 0.0, 0.0], [0.0, 0.0, 0.0, 0.5773502691896258, 0.5773502691896258, 0.5773502691896258]], "M_AW": [[0.0, 0.03578063097535348, 3.1419932157524936e-23, 0.11680778391875232, 0.4237057925529339, 0.42370579255296037], [0.2908444706083237, 0.3242997747784779, 1e-323, 0.3848557546131985, 1.4743570897236265e-225, 1.4743570899466518e-225], [0.0, 0.22464044714822104, 0.7753595511308894, 4.039182360088291e-240, 8.604447931312619e-10, 8.604447931275762e-10]], "V_T1_AK": [[0.1494292453613424, 0.5576775358252054, 0.40824829046386313, 0.32505758367186816, 0.4440369169885575, 0.44403691698855746], [0.1494292453613425, 0.5576775358252053, 0.40824829046386296, -0.32505758367186827, -0.44403691698855746, -0.4440369169885575], [0.5576775358252051, 0.1494292453613422, -0.40824829046386346, 0.6279630301995544, -0.22985042169049144, -0.22985042169049136]], "V_T2_AK": [[1.0, 0.0, 0.0, 0.0, 0.0, 0.0], [0.0, 1.0, 0.0, 0.0, 0.0, 0.0], [0.0, 0.0, 0.5, 0.5, 0.5, 0.5]], "M_AK": [[1.1320235457560724e-163, 0.039833490979696635, 2.2534464384396902e-73, 0.1222917585606765, 0.41893737522981345, 0.41893737522981345], [0.0006731013219326929, 0.5521554200567507, 0.44717147862131656, 9.026731228221697e-175, 2.434172766009925e-81, 2.434172766009925e-81], [0.3466627826040953, 0.09946196591662444, 0.0, 0.5538752514792803, 4.47920641792525e-93, 4.47920641792525e-93]], "V_T1_WKA": [[1.0, 0.0, 0.0, 0.0, 0.0, 0.0], [0.0, 0.7071067811865475, 0.7071067811865475, 0.0, 0.0, 0.0], [0.0, 0.0, 0.0, 0.5773502691896258, 0.5773502691896258, 0.5773502691896258]], "V_T2_WKA": [[1.0, 0.0, 0.0, 0.0, 0.0, 0.0], [0.0, 1.0, 0.0, 0.0, 0.0, 0.0], [0.0, 0.0, 0.5, 0.5, 0.5, 0.5]], "V_T3_WKA": [[0.1494292453613424, 0.5576775358252054, 0.40824829046386313, 0.32505758367186816, 0.4440369169885575, 0.44403691698855746], [0.1494292453613425, 0.5576775358252053, 0.40824829046386296, -0.32505758367186827, -0.44403691698855746, -0.4440369169885575], [0.5576775358252051, 0.1494292453613422, -0.40824829046386346, 0.6279630301995544, -0.22985042169049144, -0.22985042169049136]], "M_WKA": [[0.0004568653771168919, 0.49976888369169264, 0.49976888368487177, 1.7890821062462768e-06, 1.7890821062557333e-06, 1.7890821062531397e-06], [3.074101542492e-05, 9.941566645408835e-05, 9.941567052478253e-05, 0.3332568092158655, 0.3332568092158654, 0.3332568092158654], [0.9999874662099935, 1.025380923748826e-12, 1.0253809371706011e-12, 4.177929318618789e-06, 4.177929318627347e-06, 4.177929318625435e-06]], "V_T1_WAK": [[1.0, 0.0, 0.0, 0.0, 0.0, 0.0], [0.0, 0.7071067811865475, 0.7071067811865475, 0.0, 0.0, 0.0], [0.0, 0.0, 0.0, 0.5773502691896258, 0.5773502691896258, 0.5773502691896258]],