{"W": [[0.1, 0.0, 0.0, 0.0, 0.0, 0.0], [0.0, -0.2, 0.0, 0.0, 0.0, 0.0], [0.0, 0.0, 0.1, 0.0, 0.0, 0.0], [0.0, 0.0, 0.0, 0.1, 0.0, 0.0], [0.0, 0.0, 0.0, 0.0, -0.2, 0.0], [0.0, 0.0, 0.0, 0.0, 0.0, 0.1]], "K": [[1, 0, 0, 0, 0, 0], [0, 3, 0, 0, 0, 0], [0, 0, 2, 0, 0, 0], [0, 0, 0, 2, 0, 0], [0, 0, 0, 0, 2, 0], [0, 0, 0, 0, 0, 2]], "A": [[0, 0, 0, 1, 0, 0], [0, 0, 0, 1, 1, 1], [0, 0, 0, 0, 1, 1], [1, 1, 0, 0, 0, 0], [0, 1, 1, 0, 0, 0], [0, 1, 1, 0, 0, 0]], "V_W": [[0.5, 0.0, 0.5, 0.0, 0.5, 0.5], [0.0, 0.7071067811865475, 0.0, 0.7071067811865475, 0.0, 0.0]], "M_W": [[0.25, 0.0, 0.25, 0.0, 0.25, 0.25], [0.0, 0.5, 0.0, 0.5, 0.0, 0.0]], "V_K": [[0.0, 1.0, 0.0, 0.0, 0.0, 0.0], [0.0, 0.0, 0.5, 0.5, 0.5, 0.5]], "M_K": [[0.0, 1.0, 0.0, 0.0, 0.0, 0.0], [0.0, 0.0, 0.25, 0.25, 0.25, 0.25]], "V_A": [[0.14942924536134244, 0.5576775358252056, 0.4082482904638631, 0.32505758367186816, 0.44403691698855746, 0.4440369169885574], [0.14942924536134217, 0.5576775358252052, 0.4082482904638631, -0.3250575836718683, -0.4440369169885575, -0.4440369169885575]], "M_A": [[1.251966251279172e-16, 4.672401666866972e-16, 3.4204354127578844e-16, 0.26794919206377465, 0.36602540396811467, 0.36602540396810973], [0.13395937931583998, 0.49994321058439656, 0.36598383096574727, 3.0433434614050865e-05, 4.157284970104866e-05, 4.157284970100255e-05]], "V_T1_WK": [[0.5, 0.0, 0.5, 0.0, 0.5, 0.5], [0.0, 0.7071067811865475, 0.0, 0.7071067811865475, 0.0, 0.0]], "V_T2_WK": [[0.0, 1.0, 0.0, 0.0, 0.0, 0.0], [0.0, 0.0, 0.5, 0.5, 0.5, 0.5]], "M_WK": [[9.348560493077074e-13, 0.5000000013698537, 4.780409802883801e-13, 0.49999999862343, 4.762054206440591e-12, 5.415142756327465e-13], [0.24995261459174117, 9.476853121881882e-05, 0.24995261459189344, 9.477310280903956e-05, 0.24995261459046514, 0.24995261459187226]], "V_T1_WA": [[0.5, 0.0, 0.5, 0.0, 0.5, 0.5], [0.0, 0.7071067811865475, 0.0, 0.7071067811865475, 0.0, 0.0]], "V_T2_WA": [[0.14942924536134244, 0.5576775358252056, 0.4082482904638631, 0.32505758367186816, 0.44403691698855746, 0.4440369169885574], [0.14942924536134217, 0.5576775358252052, 0.4082482904638631, -0.3250575836718683, -0.4440369169885575, -0.4440369169885575]], "M_WA": [[0.2484599639530683, 0.003080072093863351, 0.2484599639530683, 0.003080072093863351, 0.2484599639530683, 0.2484599639530683], [0.0039148124461832415, 0.4921703751076335, 0.0039148124461832415, 0.4921703751076335, 0.0039148124461832415, 0.0039148124461832415]], "V_T1_KW": [[0.0, 1.0, 0.0, 0.0, 0.0, 0.0], [0.0, 0.0, 0.5, 0.5, 0.5, 0.5]], "V_T2_KW": [[0.5, 0.0, 0.5, 0.0, 0.5, 0.5], [0.0, 0.7071067811865475, 0.0, 0.7071067811865475, 0.0, 0.0]], "M_KW": [[0.0, 0.9995499308592023, 0.00011252615121365678, 0.00011252299323629894, 0.00011251059279170078, 0.00011250940355616344], [0.0, 2.6973954418821646e-17, 0.24999999838572742, 0.2499999989607137, 0.2500000012185149, 0.25000000143504403]], "V_T1_KA": [[0.0, 1.0, 0.0, 0.0, 0.0, 0.0], [0.0, 0.0, 0.5, 0.5, 0.5, 0.5]], "V_T2_KA": [[0.14942924536134244, 0.5576775358252056, 0.4082482904638631, 0.32505758367186816, 0.44403691698855746, 0.4440369169885574], [0.14942924536134217, 0.5576775358252052, 0.4082482904638631, -0.3250575836718683, -0.4440369169885575, -0.4440369169885575]], "M_KA": [[7.043261052424265e-35, 0.9941557425074391, 0.001461064373140251, 0.001461064373140251, 0.001461064373140251, 0.001461064373140251], [6.622972736611302e-50, 9.693112903192406e-06, 0.2499975767217742, 0.2499975767217742, 0.2499975767217742, 0.2499975767217742]], "V_T1_AW": [[0.14942924536134244, 0.5576775358252056, 0.4082482904638631, 0.32505758367186816, 0.44403691698855746, 0.4440369169885574], [0.14942924536134217, 0.5576775358252052, 0.4082482904638631, -0.3250575836718683, -0.4440369169885575, -0.4440369169885575]], "V_T2_AW": [[0.5, 0.0, 0.5, 0.0, 0.5, 0.5], [0.0, 0.7071067811865475, 0.0, 0.7071067811865475, 0.0, 0.0]], "M_AW": [[0.13395542284616474, 0.4999284440112596, 0.36597302116509467, 3.834673879326417e-05, 5.2382619343892376e-05, 5.238261934388911e-05], [0.0002523589562835659, 0.0009418164465951484, 0.0006894574903115719, 0.26744447451855574, 0.36533594629412697, 0.3653359462941269]], "V_T1_AK": [[0.14942924536134244, 0.5576775358252056, 0.4082482904638631, 0.32505758367186816, 0.44403691698855746, 0.4440369169885574], [0.14942924536134217, 0.5576775358252052, 0.4082482904638631, -0.3250575836718683, -0.4440369169885575, -0.4440369169885575]], "V_T2_AK": [[0.0, 1.0, 0.0, 0.0, 0.0, 0.0], [0.0, 0.0, 0.5, 0.5, 0.5, 0.5]], "M_AK": [[0.13397460264987193, 0.5000000046906522, 0.3660253922790882, 3.8325444763578636e-11, 2.8056720777499853e-10, 6.149506991484871e-11], [2.1729558892404905e-05, 8.11702929183697e-05, 5.946982757388654e-05, 0.26790568556954525, 0.36596597229760147, 0.3659659724534686]], "V_T1_WKA": [[0.5, 0.0, 0.5, 0.0, 0.5, 0.5], [0.0, 0.7071067811865475, 0.0, 0.7071067811865475, 0.0, 0.0]], "V_T2_WKA": [[0.0, 1.0, 0.0, 0.0, 0.0, 0.0], [0.0, 0.0, 0.5, 0.5, 0.5, 0.5]], "V_T3_WKA": [[0.14942924536134244, 0.5576775358252056, 0.4082482904638631, 0.32505758367186816, 0.44403691698855746, 0.4440369169885574], [0.14942924536134217, 0.5576775358252052, 0.4082482904638631, -0.3250575836718683, -0.4440369169885575, -0.4440369169885575]], "M_WKA": [[0.09817901229941217, 0.30364197540117865, 0.0981790122994102, 0.30364197540117865, 0.0981790122994102, 0.0981790122994102], [0.22221867128113287, 0.05556265743772965, 0.22221867128113598, 0.05556265743772965, 0.22221867128113598, 0.22221867128113598]], "V_T1_WAK": [[0.5, 0.0, 0.5, 0.0, 0.5, 0.5], [0.0, 0.7071067811865475, 0.0, 0.7071067811865475, 0.0, 0.0]], "V_T2_WAK": [[0.14942924536134244, 0.5576775358252056, 0.4082482904638631, 0.32505758367186816, 0.44403691698855746, 0.4440369169885574], [0.14942924536134217, 0.5576775358252052, 0.4082482904638631, -0.3250575836718683, -0.4440369169885575, -0.4440369169885575]], "V_T3_WAK": [[0.0, 1.0, 0.0, 0.0, 0.0, 0.0], [0.0, 0.0, 0.5, 0.5, 0.5, 0.5]], "M_WAK": [[0.2492319176014519, 0.0015361647970961452, 0.2492319176014519, 0.0015361647970961452, 0.2492319176014519, 0.2492319176014519], [0.02836143545612095, 0.4432771290877581, 0.02836143545612095, 0.4432771290877581, 0.02836143545612095, 0.02836143545612095]], "V_T1_KWA": [[0.0, 1.0, 0.0, 0.0, 0.0, 0.0], [0.0, 0.0, 0.5, 0.5, 0.5, 0.5]], "V_T2_KWA": [[0.5, 0.0, 0.5, 0.0, 0.5, 0.5], [0.0, 0.7071067811865475, 0.0, 0.7071067811865475, 0.0, 0.0]], "V_T3_KWA": [[0.14942924536134244, 0.5576775358252056, 0.4082482904638631, 0.32505758367186816, 0.44403691698855746, 0.4440369169885574], [0.14942924536134217, 0.5576775358252052, 0.4082482904638631, -0.3250575836718683, -0.4440369169885575, -0.4440369169885575]], "M_KWA": [[0.0, 5.41667566248658e-07, 0.24999986458595844, 0.249999864586656, 0.24999986458162668, 0.2499998645781927], [0.0, 0.9993864421544656, 0.00015338946102027535, 0.00015338946093140603, 0.00015338946157247285, 0.00015338946201018389]], "V_T1_KAW": [[0.0, 1.0, 0.0, 0.0, 0.0, 0.0], [0.0, 0.0, 0.5, 0.5, 0.5, 0.5]], "V_T2_KAW": [[0.14942924536134244, 0.5576775358252056, 0.4082482904638631, 0.32505758367186816, 0.44403691698855746, 0.4440369169885574], [0.14942924536134217, 0.5576775358252052, 0.4082482904638631, -0.3250575836718683, -0.4440369169885575, -0.4440369169885575]], "V_T3_KAW": [[0.5, 0.0, 0.5, 0.0, 0.5, 0.5], [0.0, 0.7071067811865475, 0.0, 0.7071067811865475, 0.0, 0.0]], "M_KAW": [[0.0, 0.998424994425664, 0.0003937513935840143, 0.0003937513935840143, 0.0003937513935840143, 0.0003937513935840143], [0.0, 6.375981707241134e-05, 0.24998406004573187, 0.24998406004573187, 0.24998406004573187, 0.24998406004573187]], "V_T1_AWK": [[0.14942924536134244, 0.5576775358252056, 0.4082482904638631, 0.32505758367186816, 0.44403691698855746, 0.4440369169885574], [0.14942924536134217, 0.5576775358252052, 0.4082482904638631, -0.3250575836718683, -0.4440369169885575, -0.4440369169885575]], "V_T2_AWK": [[0.5, 0.0, 0.5, 0.0, 0.5, 0.5], [0.0, 0.7071067811865475, 0.0, 0.7071067811865475, 0.0, 0.0]],