{"W": [[0.2, 0.0, 0.0, 0.0, 0.0, 0.0], [0.0, 0.2, 0.0, 0.0, 0.0, 0.0], [0.0, 0.0, 0.2, 0.0, 0.0, 0.0], [0.0, 0.0, 0.0, -0.2, 0.0, 0.0], [0.0, 0.0, 0.0, 0.0, -0.2, 0.0], [0.0, 0.0, 0.0, 0.0, 0.0, -0.2]], "K": [[1, 0, 0, 0, 0, 0], [0, 3, 0, 0, 0, 0], [0, 0, 2, 0, 0, 0], [0, 0, 0, 2, 0, 0], [0, 0, 0, 0, 2, 0], [0, 0, 0, 0, 0, 2]], "A": [[0, 0, 0, 1, 0, 0], [0, 0, 0, 1, 1, 1], [0, 0, 0, 0, 1, 1], [1, 1, 0, 0, 0, 0], [0, 1, 1, 0, 0, 0], [0, 1, 1, 0, 0, 0]], "C_W": [[1.0, 0.0, 0.0], [0.0, 0.7071067811865475, 0.0], [0.0, 0.0, 0.5773502691896258]], "V_W": [[1.0, 0.0, 0.0, 0.0, 0.0, 0.0], [0.0, 0.7071067811865475, 0.7071067811865475, 0.0, 0.0, 0.0], [0.0, 0.0, 0.0, 0.5773502691896258, 0.5773502691896258, 0.5773502691896258]], "M_W": [[1.0, 0.0, 0.0, 0.0, 0.0, 0.0], [0.0, 0.5, 0.5, 0.0, 0.0, 0.0], [0.0, 0.0, 0.0, 0.33333333333333337, 0.33333333333333337, 0.33333333333333337]], "C_K": [[1.0, 0.0, 0.0], [0.0, 1.0, 0.0], [0.0, 0.0, 0.5]], "V_K": [[1.0, 0.0, 0.0, 0.0, 0.0, 0.0], [0.0, 1.0, 0.0, 0.0, 0.0, 0.0], [0.0, 0.0, 0.5, 0.5, 0.5, 0.5]], "M_K": [[1.0, 0.0, 0.0, 0.0, 0.0, 0.0], [0.0, 1.0, 0.0, 0.0, 0.0, 0.0], [0.0, 0.0, 0.25, 0.25, 0.25, 0.25]], "C_A": [[1, 1, 0], [1, -1, 0], [1, 0, 1]], "V_A": [[0.1494292453613424, 0.5576775358252054, 0.40824829046386313, 0.32505758367186816, 0.4440369169885575, 0.44403691698855746], [0.1494292453613425, 0.5576775358252053, 0.40824829046386296, -0.32505758367186827, -0.44403691698855746, -0.4440369169885575], [-3.7930548568055926e-17, 3.793054856805585e-17, -5.412869039729012e-18, -1.706629740774352e-32, -0.7071067811865476, 0.7071067811865475]], "M_A": [[0.13397459621556151, 0.5, 0.36602540378443865, -4.976993662575721e-17, 2.4884968312878604e-17, -2.4884968312878604e-17], [-4.575856368375734e-17, 4.575856368375734e-17, 6.8637845525636e-17, 0.26794919243112275, 0.36602540378443854, 0.36602540378443854], [0.06417440944924845, 0.23950215661032334, 0.17532774716107494, 0.13960037353262594, -0.11297890943620797, 0.49437422268293535]], "C_T1_WK": [[1.0, 0.0, 0.0], [0.0, 0.7071067811865475, 0.0], [0.0, 0.35355339059327373, 0.8660254037844388]], "V_T1_WK": [[1.0, 0.0, 0.0, 0.0, 0.0, 0.0], [0.0, 0.7071067811865475, 0.7071067811865475, 0.0, 0.0, 0.0], [0.0, 0.0, 0.0, 0.5773502691896258, 0.5773502691896258, 0.5773502691896258]], "V_T2_WK": [[1.0, 0.0, 0.0, 0.0, 0.0, 0.0], [0.0, 1.0, 0.0, 0.0, 0.0, 0.0], [0.0, 0.0, 0.5, 0.5, 0.5, 0.5]], "M_WK": [[1.0, 0.0, 0.0, 0.0, 0.0, 0.0], [0.0, 0.5, 0.5, 0.0, 0.0, 0.0], [0.0, 0.12499999999999997, 0.12499999999999997, 0.25000000000000006, 0.25000000000000006, 0.25000000000000006]], "C_T1_WA": [[0.1494292453613424, 0.6830127018922194, 0.7004017505420328], [0.1494292453613425, 0.6830127018922193, -0.7004017505420329], [-3.7930548568055926e-17, 2.299347170293088e-17, -3.771495838807941e-17]], "V_T1_WA": [[1.0, 0.0, 0.0, 0.0, 0.0, 0.0], [0.0, 0.7071067811865475, 0.7071067811865475, 0.0, 0.0, 0.0], [0.0, 0.0, 0.0, 0.5773502691896258, 0.5773502691896258, 0.5773502691896258]], "V_T2_WA": [[0.1494292453613424, 0.5576775358252054, 0.40824829046386313, 0.32505758367186816, 0.4440369169885575, 0.44403691698855746], [0.1494292453613425, 0.5576775358252053, 0.40824829046386296, -0.32505758367186827, -0.44403691698855746, -0.4440369169885575], [-3.7930548568055926e-17, 3.793054856805585e-17, -5.412869039729012e-18, -1.706629740774352e-32, -0.7071067811865476, 0.7071067811865475]], "M_WA": [[0.06417440944924846, 0.2074149518856991, 0.2074149518856991, 0.17366522892645117, 0.17366522892645117, 0.17366522892645117], [-1.5282760245870053, -4.939465759454575, -4.939465759454575, 4.135735847832052, 4.135735847832052, 4.135735847832052], [0.5362186494597324, -0.2298488534770154, -0.2298488534770154, 0.3078263524980994, 0.3078263524980994, 0.3078263524980994]], "C_T1_KW": [[1.0, 0.0, 0.0], [0.0, 0.7071067811865475, 0.35355339059327373], [0.0, 0.0, 0.8660254037844388]], "V_T1_KW": [[1.0, 0.0, 0.0, 0.0, 0.0, 0.0], [0.0, 1.0, 0.0, 0.0, 0.0, 0.0], [0.0, 0.0, 0.5, 0.5, 0.5, 0.5]], "V_T2_KW": [[1.0, 0.0, 0.0, 0.0, 0.0, 0.0], [0.0, 0.7071067811865475, 0.7071067811865475, 0.0, 0.0, 0.0], [0.0, 0.0, 0.0, 0.5773502691896258, 0.5773502691896258, 0.5773502691896258]], "M_KW": [[1.0, 0.0, 0.0, 0.0, 0.0, 0.0], [0.0, 0.5, 0.125, 0.125, 0.125, 0.125], [0.0, 0.0, 0.25, 0.25, 0.25, 0.25]], "C_T1_KA": [[0.1494292453613424, 0.5576775358252054, 0.810689854056423], [0.1494292453613425, 0.5576775358252053, -0.4024415635925601], [-3.7930548568055926e-17, 3.793054856805585e-17, -5.551115123125783e-17]], "V_T1_KA": [[1.0, 0.0, 0.0, 0.0, 0.0, 0.0], [0.0, 1.0, 0.0, 0.0, 0.0, 0.0], [0.0, 0.0, 0.5, 0.5, 0.5, 0.5]], "V_T2_KA": [[0.1494292453613424, 0.5576775358252054, 0.40824829046386313, 0.32505758367186816, 0.4440369169885575, 0.44403691698855746], [0.1494292453613425, 0.5576775358252053, 0.40824829046386296, -0.32505758367186827, -0.44403691698855746, -0.4440369169885575], [-3.7930548568055926e-17, 3.793054856805585e-17, -5.412869039729012e-18, -1.706629740774352e-32, -0.7071067811865476, 0.7071067811865475]], "M_KA": [[0.06417440944924846, 0.23950215661032334, 0.17408085848510707, 0.17408085848510707, 0.17408085848510707, 0.17408085848510707], [-1.528276024587013, -5.7036037717481065, 2.05796994908378, 2.05796994908378, 2.05796994908378, 2.05796994908378], [0.3416480087941101, -0.34164800879410945, 0.24999999999999983, 0.24999999999999983, 0.24999999999999983, 0.24999999999999983]], "C_T1_AW": [[0.14942924536134258, 0.14942924536134256, 6.554012841545671e-17], [0.6830127018922194, 0.6830127018922193, 8.282027846008735e-17], [0.7004017505420334, -0.7004017505420328, -1.0181371460086489e-16]], "V_T1_AW": [[0.1494292453613424, 0.5576775358252054, 0.40824829046386313, 0.32505758367186816, 0.4440369169885575, 0.44403691698855746], [0.1494292453613425, 0.5576775358252053, 0.40824829046386296, -0.32505758367186827, -0.44403691698855746, -0.4440369169885575], [-3.7930548568055926e-17, 3.793054856805585e-17, -5.412869039729012e-18, -1.706629740774352e-32, -0.7071067811865476, 0.7071067811865475]], "V_T2_AW": [[1.0, 0.0, 0.0, 0.0, 0.0, 0.0], [0.0, 0.7071067811865475, 0.7071067811865475, 0.0, 0.0, 0.0], [0.0, 0.0, 0.0, 0.5773502691896258, 0.5773502691896258, 0.5773502691896258]], "M_AW": [[0.1339745962155615, 0.49999999999999994, 0.36602540378443854, -2.972512887614732e-17, -8.545822033601936e-17, 1.6772002680554083e-16], [0.1339745962155615, 0.49999999999999994, 0.36602540378443854, -3.261839715395683e-17, 3.6770004226867924e-17, 5.232496361342215e-17], [5.0344244912116284e-18, 2.4007064912117617e-16, 1.9089783440713085e-16, 0.2679491924311227, 0.3660254037844385, 0.3660254037844384]], "C_T1_AK": [[0.14942924536134258, 0.14942924536134256, 6.554012841545671e-17], [0.5576775358252054, 0.5576775358252053, 8.205136462729646e-17], [0.8106898540564236, -0.40244156359256006, -1.1102230246251565e-16]], "V_T1_AK": [[0.1494292453613424, 0.5576775358252054, 0.40824829046386313, 0.32505758367186816, 0.4440369169885575, 0.44403691698855746], [0.1494292453613425, 0.5576775358252053, 0.40824829046386296, -0.32505758367186827, -0.44403691698855746, -0.4440369169885575], [-3.7930548568055926e-17, 3.793054856805585e-17, -5.412869039729012e-18, -1.706629740774352e-32, -0.7071067811865476, 0.7071067811865475]], "V_T2_AK": [[1.0, 0.0, 0.0, 0.0, 0.0, 0.0], [0.0, 1.0, 0.0, 0.0, 0.0, 0.0], [0.0, 0.0, 0.5, 0.5, 0.5, 0.5]], "M_AK": [[0.1339745962155615, 0.49999999999999994, 0.36602540378443854, -2.972512887614732e-17, -8.545822033601936e-17, 1.6772002680554083e-16], [0.1339745962155615, 0.5, 0.3660254037844386, -2.95902656206904e-17, 2.0287527804330575e-17, 6.63682951715264e-17], [0.03165713322154652, 0.11814602960478827, 0.08648889638324175, 0.2046349259880297, 0.27953650740119695, 0.27953650740119684]], "C_T1_WKA": [[0.1494292453613424, 0.6413363016551485, 0.7344303888409767], [0.1494292453613425, 0.2124295757101255, -0.3161722369720728], [-3.7930548568055926e-17, 2.823119349194935e-18, -2.1245934655146508e-17]],