{"theta0": "2*np.pi*np.random.randn(N)", "sigma_array": [0.0], "t0": 0, "t1": 10000, "dt": 2, "averaging": 5, "r_list": [[0.06327642825895143], [0.06403466502491913], [0.05414866251187011], [0.05659231516428431], [0.05641179986549343], [0.058006579631833595], [0.060159330090792267], [0.05411004687812732], [0.055290760609370306], [0.05657167132885986], [0.05820467688708002], [0.06119086403576553], [0.05433976322673883], [0.06107244476812223], [0.04842281582068905], [0.05841780278444738], [0.06481346426576161], [0.058606960806286454], [0.05716662487473035], [0.06005045965856486], [0.05486504264036662], [0.05321785299562741], [0.05977154342082672], [0.060149014220593586], [0.060650610388128384], [0.056916666430738186], [0.05732085478570921], [0.054569988990951605], [0.04839238063953061], [0.06356815381363012], [0.055360195534266236], [0.06145880057187472], [0.06326574050445648], [0.06194371616002062], [0.058103694829315385], [0.05550513389896816], [0.06168293503834534], [0.056125685144182806], [0.05788268810606187], [0.05555326300692054], [0.05953176268217444], [0.06259719748692912], [0.05693846363041107], [0.0620748306387236], [0.054003459556296436], [0.058864085835576715], [0.06541449832262279], [0.058831489802993554], [0.05371039510368332], [0.055710382914905654]], "R_list": [[0.020475650592750215], [0.006592936020606404], [0.01615498161617951], [0.01710417642820927], [0.014081911740086621], [0.0034161046445807058], [0.026879337537153106], [0.01934103664726016], [0.006361310671517511], [0.007251733027010633], [0.010770166961303085], [0.0035071668987685816], [0.005030083031538382], [0.01190010503789183], [0.009304873880775279], [0.016499306868651125], [0.005543323103650545], [0.013386586742489735], [0.008603919604586384], [0.008233424189614482], [0.01495187606228892], [0.011242005654503968], [0.009463915411074924], [0.018156392024595205], [0.01336500952838317], [0.020342608534052578], [0.0077298503959453485], [0.013700462619825996], [0.0067143689617717925], [0.004825612160773483], [0.020311303149661328], [0.010232640291308947], [0.008711294292625528], [0.0173186381964191], [0.00687073657071876], [0.0074805047096705305], [0.0059817869538999575], [0.017746533055147867], [0.00834249091634617], [0.033610911462449176], [0.005272703591280803], [0.013530971151356758], [0.010761488144571382], [0.006536528641007331], [0.003266239571602965], [0.022121169208049657], [0.00962112111862993], [0.016515193642248346], [0.009584208415638364], [0.00470610732123269]], "r_mu_matrix_list": [[[0.08676085376975168], [0.09544407829377924]], [[0.07729806755052758], [0.10004702208204562]], [[0.07066228396333031], [0.08179239155694902]], [[0.08047457403768402], [0.0789009656217496]], [[0.06458258170000163], [0.09323802456735059]], [[0.0787883588690015], [0.08424812349292488]], [[0.06875079639754274], [0.09750243538243827]], [[0.07325488877790877], [0.07763158273361664]], [[0.06777981868085568], [0.08643233045479297]], [[0.074068198609244], [0.08541927821051137]], [[0.07799575273465685], [0.08753523801350888]], [[0.07740370070990807], [0.09465283639915717]], [[0.08827072520125932], [0.06263932139566072]], [[0.07808145783873754], [0.08945593007942373]], [[0.05494941755908385], [0.07995398368169511]], [[0.06800878684926998], [0.0965711183330328]], [[0.07859822918810454], [0.09167836666690246]], [[0.08404686867121193], [0.08221135305074224]], [[0.07846444209380457], [0.08318486137995902]], [[0.0966574963553299], [0.07048386390099186]], [[0.07146174142408675], [0.0836876557080724]], [[0.06555298625415669], [0.08330660543427844]], [[0.07559027636002282], [0.09541577626313918]], [[0.10065895668090911], [0.0677245965745045]], [[0.09319776812677863], [0.07973930927033115]], [[0.08232576176290915], [0.07953129634032875]], [[0.08190655918310963], [0.07258274360797957]], [[0.08604008714855377], [0.06833965302067227]], [[0.08648201661026478], [0.05841819203922471]], [[0.0943982612839994], [0.08436831955816099]], [[0.0715056780524641], [0.0839401022261244]], [[0.07778754128340024], [0.09397646877448683]], [[0.07868051351452177], [0.09905729014851597]], [[0.08613306995262962], [0.09412860048325417]], [[0.08852482549192447], [0.07771893801953074]], [[0.06490447427498938], [0.08741563317569949]], [[0.07810391665582014], [0.09434621963893455]], [[0.09148775014834], [0.06819861891999676]], [[0.08536451255098325], [0.0834639242227434]], [[0.07136499521625299], [0.0818091234396639]], [[0.09030527180124662], [0.07853712366395774]], [[0.09350777926558264], [0.08098935545110368]], [[0.060647880563670174], [0.09484577874477923]], [[0.07149596572054873], [0.10065421172897504]], [[0.07150437647096439], [0.07962139946717518]], [[0.09233548070680472], [0.07610058208393047]], [[0.08531682908605863], [0.1029599744965138]], [[0.08482783940672058], [0.07003524939560168]], [[0.07017624126096869], [0.0816432477869891]], [[0.06828828394845685], [0.08953457895202967]]], "R_mu_matrix_list": [[[0.04095129216962678], [3.713336052031177e-06]], [[0.013185870529521904], [8.889214954542202e-07]], [[0.032309959393662914], [2.7913612075653878e-06]], [[0.034208341638048985], [4.531133226623178e-06]], [[0.02816381410611603], [5.207657611262158e-06]], [[0.006832203278629055], [2.1879749919470545e-06]], [[0.0537586732152668], [2.1321268988176505e-06]], [[0.03868207332533544], [6.890265404521424e-07]], [[0.012720575173057856], [5.320167920478224e-06]], [[0.014503465223927184], [1.3221738113163113e-06]], [[0.02152061630976322], [1.9780674775049774e-05]], [[0.007014330357443461], [1.9221773190369154e-06]], [[2.8528096886540463e-06], [0.010060170176816634]], [[0.016660147471352846], [1.1471042099584092e-06]], [[0.01860974373649229], [1.7873323733952315e-06]], [[0.03299861012773333], [1.8977911633856432e-06]], [[0.014782195840367149], [9.291544194823512e-07]], [[6.5673748917777055e-06], [0.026766939814630485]], [[0.017207835523019684], [1.4431381917056785e-06]], [[2.3562379886892275e-06], [0.01646685258736328]], [[0.02990375257634347], [4.5387420090866684e-07]], [[0.022465071708704574], [1.908906550204422e-05]], [[0.01892782674820706], [4.512553308023522e-06]], [[9.105187952877843e-07], [0.036312782436021686]], [[1.8393972471742945e-05], [0.026711681249993877]], [[1.6132034445512572e-06], [0.040685213299026704]], [[7.033409930747483e-06], [0.02061295558078097]], [[1.1053158738737918e-05], [0.027390708584105528]], [[2.929512865139094e-06], [0.0094001146955123]], [[3.2751793271717724e-06], [0.009651216003342603]], [[0.04059519349343078], [2.795286104171152e-05]], [[0.020464539816211828], [2.646462605246497e-06]], [[0.017421525745434853], [2.565282021453947e-06]], [[0.03460704876714569], [3.0553959482626004e-05]], [[4.940559663462775e-06], [0.013741468369569139]], [[0.014959686075849618], [1.8661438762775273e-06]], [[0.01196357886311117], [2.3612202771294433e-06]], [[4.422729058863584e-06], [0.03549306642325703]], [[2.5507672644617092e-06], [0.016684987806878698]], [[0.04710927038145241], [2.896583105260275e-06]], [[3.452784375637079e-06], [0.010545411659896795]], [[8.040138203266049e-06], [0.027055193408578832]], [[0.021522967032876913], [3.1134676485365e-06]], [[0.013073054823836742], [1.6916003212518293e-06]], [[0.006509715049813255], [2.287904431897243e-05]], [[2.954418152309318e-05], [0.04421339164440103]], [[0.01924224108249726], [5.768679274333672e-07]], [[3.7038397141652543e-06], [0.0440399574627402]], [[0.01916840701425744], [3.799404289457052e-06]], [[0.009410890852113213], [2.401654979982743e-06]]]}